Profile Name,Title Name,Rating Type,Star Value,Thumbs Value,Device Model,Event Utc Ts,Region View Date
Alex,Big Daddy,thumb,,1,MVPD STB,2021-06-04 03:30:40,
Alex,Ace Ventura: Pet Detective,thumb,,2,MVPD STB,2021-05-29 06:25:35,
Alex,Jurassic World Camp Cretaceous,thumb,,1,Smart TV,2020-10-09 18:46:39,
Alex,Surf's Up: Wave Mania,thumb,,2,HTML 5,2019-12-23 04:06:03,
Wilhelmus,Marvel's Jessica Jones,thumb,,2,HTML 5,2021-07-15 22:43:46,
Wilhelmus,Inception,thumb,,2,MVPD STB,2021-01-03 06:43:39,
Wilhelmus,Inglourious Basterds,thumb,,2,MVPD STB,2021-01-03 06:39:36,
Wilhelmus,Wanted,thumb,,2,HTML 5,2020-12-17 06:17:36,
Wilhelmus,The Mist,thumb,,2,MVPD STB,2020-11-24 07:22:22,
Wilhelmus,The Hateful Eight,thumb,,2,MVPD STB,2020-03-14 06:16:50,
Wilhelmus,Girl on the Third Floor,thumb,,1,MVPD STB,2020-02-29 07:35:39,
Wilhelmus,Glitch,thumb,,2,iPad,2020-02-14 05:44:31,
Wilhelmus,From Dusk Till Dawn,thumb,,2,iPad,2019-12-23 08:49:00,
Wilhelmus,Black Spot,thumb,,2,iPad,2019-09-09 07:55:24,
Wilhelmus,Money Heist,thumb,,2,iPad,2019-08-03 21:51:23,
Wilhelmus,The Sinner,thumb,,2,iPad,2018-11-30 08:45:40,
Wilhelmus,Forgotten,thumb,,1,iPad,2018-03-09 06:44:46,
Wilhelmus,Gulliver's Travels,thumb,,1,iPad,2018-01-17 07:50:06,
Wilhelmus,Wormwood,thumb,,1,iPad,2017-12-31 10:36:53,
Wilhelmus,Sense8,thumb,,2,Android Tablet,2017-12-23 06:48:24,
Wilhelmus,Stranger Things,thumb,,2,Android Tablet,2017-12-23 06:48:12,
Wilhelmus,From Dusk Till Dawn,star,5,2,Apple TV,2016-12-27 04:25:34,2016-12-27
Wilhelmus,DreamWorks Shrek the Halls,star,5,2,Apple TV,2016-12-26 06:56:17,2016-12-24
Wilhelmus,The Girl Who Kicked the Hornets' Nest,star,5,2,Apple TV,2016-12-26 06:56:01,2016-12-24
Wilhelmus,Sherlock Holmes: A Game of Shadows,star,5,2,iPad,2016-12-24 06:37:11,
Wilhelmus,Hot Fuzz,star,5,2,iPad,2016-12-24 06:36:57,
Wilhelmus,Californication,star,5,2,iPad,2016-12-24 06:36:32,2016-07-07
Wilhelmus,American Horror Story,star,4,2,iPad,2016-12-24 06:36:03,2016-11-04
Wilhelmus,The Killing,star,5,2,iPad,2016-12-24 06:34:59,2016-12-24
Wilhelmus,Jackie Brown,star,5,2,iPad,2016-12-24 06:31:27,
Wilhelmus,Shutter Island,star,5,2,iPad,2016-12-24 06:31:17,
Wilhelmus,"Lock, Stock and Two Smoking Barrels",star,5,2,iPad,2016-12-24 06:30:13,2016-07-29
Wilhelmus,Kill Bill: Vol. 1,star,5,2,iPad,2016-12-24 06:27:08,
Wilhelmus,Inglourious Basterds,star,5,2,iPad,2016-12-24 06:26:59,2016-07-30
Wilhelmus,The Blair Witch Project,star,5,2,iPad,2016-12-24 05:57:44,
Wilhelmus,The Girl with the Dragon Tattoo,star,5,2,iPad,2016-12-24 05:54:54,
Wilhelmus,The Girl Who Played with Fire,star,5,2,iPad,2016-12-24 05:54:48,
Wilhelmus,The Tunnel,star,5,2,iPad,2016-12-24 05:51:21,
Wilhelmus,Crossing Lines,star,5,2,iPad,2016-12-24 05:50:03,2016-09-07
Wilhelmus,Suits,star,5,2,iPad,2016-12-24 05:49:52,2016-09-11
Wilhelmus,The Fall,star,5,2,iPad,2016-12-24 05:49:40,2016-07-14
Wilhelmus,Dirk Gently's Holistic Detective Agency,star,5,2,iPad,2016-12-24 05:46:55,2016-12-23
Wilhelmus,Heroes,star,5,2,iPad,2016-12-24 05:46:44,2016-12-23
School for Miss Cruz,The Gruffalo,thumb,,2,HTML 5,2020-12-16 20:35:20,
