Esn,Country,Localized Device Description,Device Description,Ip,Region Code Display Name,Ts
NFCDIE-03-HNFTN4HDFYFKPQCTCKXQ17RAU0KQ1P,AU,Edge OSS - Windows (Cadmium),Edge OSS - Windows (Cadmium),103.76.164.20,New South Wales,2021-10-01T19:51:31.708Z
SONY-CTV140000000000000007457208,NZ,Sony CE Sony CE 2014 Core DTV Smart TV,Sony CE Sony CE 2014 Core DTV Smart TV,125.238.250.91,Auckland,2021-10-01T18:35:51.231Z
NFAPPL-01-IPAD7=5-1D7FD2E25DC8D08A8581A7A410AEB866A9B27842F2FB756F918B160C8B102B0D,NZ,Apple iPad 6th Gen 9.7 (Wi-Fi) iPad,Apple iPad 6th Gen 9.7 (Wi-Fi) iPad,125.238.250.91,Auckland,2021-10-01T08:53:48.420Z
NFANDROID2-PRV-HIMEDIADISHSV10-HIMEDSV10-10094-EFF3AEBDC7A55C4B6C673B77E255D7E241EC48FD787B43F3F3FB25F6041754DE,NZ,HiSilicon HiMediaDishSV10 Set Top Box,HiSilicon HiMediaDishSV10 Set Top Box,125.238.250.91,Auckland,2021-09-29T06:19:22.055Z
NFAPPL-01-IPAD4=2-DE4126F171ACB5D089ACFA06509D88809E69D64D56E3B4A0198D594D93FEBB66,NZ,iPad Air Cellular,iPad Air Cellular,125.238.250.91,Auckland,2021-09-25T18:44:28.718Z
SONY-CTV140000000000000007457208,NZ,Sony CE Sony CE 2014 Core DTV Smart TV,Sony CE Sony CE 2014 Core DTV Smart TV,125.238.250.91,Auckland,2021-09-23T19:37:11.940Z
NFANDROID2-PRV-HIMEDIADISHSV10-HIMEDSV10-10094-EFF3AEBDC7A55C4B6C673B77E255D7E241EC48FD787B43F3F3FB25F6041754DE,NZ,HiSilicon HiMediaDishSV10 Set Top Box,HiSilicon HiMediaDishSV10 Set Top Box,125.238.250.91,Auckland,2021-09-21T03:20:18.097Z
NFAPPL-01-IPAD7=5-1D7FD2E25DC8D08A8581A7A410AEB866A9B27842F2FB756F918B160C8B102B0D,NZ,Apple iPad 6th Gen 9.7 (Wi-Fi) iPad,Apple iPad 6th Gen 9.7 (Wi-Fi) iPad,125.238.250.91,Auckland,2021-09-20T08:43:07.330Z
NFAPPL-01-IPAD4=2-DE4126F171ACB5D089ACFA06509D88809E69D64D56E3B4A0198D594D93FEBB66,NZ,iPad Air Cellular,iPad Air Cellular,125.238.250.91,Auckland,2021-09-19T18:05:35.522Z
NFAPPL-01-IPAD7=5-1D7FD2E25DC8D08A8581A7A410AEB866A9B27842F2FB756F918B160C8B102B0D,NZ,Apple iPad 6th Gen 9.7 (Wi-Fi) iPad,Apple iPad 6th Gen 9.7 (Wi-Fi) iPad,222.152.171.19,Auckland,2021-09-19T05:33:47.531Z
SONY-CTV140000000000000007457208,NZ,Sony CE Sony CE 2014 Core DTV Smart TV,Sony CE Sony CE 2014 Core DTV Smart TV,222.152.171.19,Auckland,2021-09-18T20:31:38.266Z
NFANDROID2-PRV-HIMEDIADISHSV10-HIMEDSV10-10094-EFF3AEBDC7A55C4B6C673B77E255D7E241EC48FD787B43F3F3FB25F6041754DE,NZ,HiSilicon HiMediaDishSV10 Set Top Box,HiSilicon HiMediaDishSV10 Set Top Box,222.152.171.19,Auckland,2021-09-18T02:33:21.560Z
NFAPPL-01-IPAD4=2-DE4126F171ACB5D089ACFA06509D88809E69D64D56E3B4A0198D594D93FEBB66,NZ,iPad Air Cellular,iPad Air Cellular,222.152.171.19,Auckland,2021-09-16T18:44:16.211Z
SONY-CTV140000000000000007457208,NZ,Sony CE Sony CE 2014 Core DTV Smart TV,Sony CE Sony CE 2014 Core DTV Smart TV,222.152.171.19,Auckland,2021-09-09T19:28:56.716Z
NFAPPL-01-IPAD7=5-1D7FD2E25DC8D08A8581A7A410AEB866A9B27842F2FB756F918B160C8B102B0D,NZ,Apple iPad 6th Gen 9.7 (Wi-Fi) iPad,Apple iPad 6th Gen 9.7 (Wi-Fi) iPad,222.152.171.19,Auckland,2021-09-06T09:08:42.513Z
NFCDIE-03-HG1FETYD0XCMTNR5XY4ARM6KW65DT9,NZ,Edge OSS - Windows (Cadmium),Edge OSS - Windows (Cadmium),222.152.171.19,Auckland,2021-09-06T00:24:48.597Z
NFAPPL-01-IPAD4=2-DE4126F171ACB5D089ACFA06509D88809E69D64D56E3B4A0198D594D93FEBB66,NZ,iPad Air Cellular,iPad Air Cellular,222.152.171.19,Auckland,2021-09-05T18:03:03.864Z
NFANDROID2-PRV-HIMEDIADISHSV10-HIMEDSV10-10094-EFF3AEBDC7A55C4B6C673B77E255D7E241EC48FD787B43F3F3FB25F6041754DE,NZ,HiSilicon HiMediaDishSV10 Set Top Box,HiSilicon HiMediaDishSV10 Set Top Box,222.152.171.19,Auckland,2021-09-05T01:21:31.866Z
SONY-CTV140000000000000007457208,NZ,Sony CE Sony CE 2014 Core DTV Smart TV,Sony CE Sony CE 2014 Core DTV Smart TV,222.152.184.18,Auckland,2021-09-04T19:25:29.500Z
NFAPPL-01-IPAD7=5-1D7FD2E25DC8D08A8581A7A410AEB866A9B27842F2FB756F918B160C8B102B0D,NZ,Apple iPad 6th Gen 9.7 (Wi-Fi) iPad,Apple iPad 6th Gen 9.7 (Wi-Fi) iPad,222.152.184.18,Auckland,2021-09-04T08:52:16.352Z
NFANDROID2-PRV-HIMEDIADISHSV10-HIMEDSV10-10094-EFF3AEBDC7A55C4B6C673B77E255D7E241EC48FD787B43F3F3FB25F6041754DE,NZ,HiSilicon HiMediaDishSV10 Set Top Box,HiSilicon HiMediaDishSV10 Set Top Box,222.152.184.18,Auckland,2021-09-04T04:03:32.234Z
NFAPPL-01-IPAD4=2-DE4126F171ACB5D089ACFA06509D88809E69D64D56E3B4A0198D594D93FEBB66,NZ,iPad Air Cellular,iPad Air Cellular,222.152.184.18,Auckland,2021-09-03T19:18:10.941Z
SONY-CTV140000000000000007457208,NZ,Sony CE Sony CE 2014 Core DTV Smart TV,Sony CE Sony CE 2014 Core DTV Smart TV,222.152.184.18,Auckland,2021-08-20T19:27:07.763Z
NFANDROID2-PRV-HIMEDIADISHSV10-HIMEDSV10-10094-EFF3AEBDC7A55C4B6C673B77E255D7E241EC48FD787B43F3F3FB25F6041754DE,NZ,HiSilicon HiMediaDishSV10 Set Top Box,HiSilicon HiMediaDishSV10 Set Top Box,222.152.184.18,Auckland,2021-08-18T07:40:48.644Z
NFAPPL-01-IPAD4=2-DE4126F171ACB5D089ACFA06509D88809E69D64D56E3B4A0198D594D93FEBB66,NZ,iPad Air Cellular,iPad Air Cellular,222.152.184.18,Auckland,2021-08-17T17:58:00.319Z
NFAPPL-01-IPAD7=5-1D7FD2E25DC8D08A8581A7A410AEB866A9B27842F2FB756F918B160C8B102B0D,NZ,Apple iPad 6th Gen 9.7 (Wi-Fi) iPad,Apple iPad 6th Gen 9.7 (Wi-Fi) iPad,222.152.184.18,Auckland,2021-08-16T08:35:55.723Z
NFAPPL-01-IPAD4=2-DE4126F171ACB5D089ACFA06509D88809E69D64D56E3B4A0198D594D93FEBB66,NZ,iPad Air Cellular,iPad Air Cellular,222.152.188.116,Auckland,2021-08-15T02:26:37.937Z
SONY-CTV140000000000000007457208,NZ,Sony CE Sony CE 2014 Core DTV Smart TV,Sony CE Sony CE 2014 Core DTV Smart TV,222.152.188.116,Auckland,2021-08-14T19:30:48.677Z
NFAPPL-01-IPAD7=5-1D7FD2E25DC8D08A8581A7A410AEB866A9B27842F2FB756F918B160C8B102B0D,NZ,Apple iPad 6th Gen 9.7 (Wi-Fi) iPad,Apple iPad 6th Gen 9.7 (Wi-Fi) iPad,222.152.188.116,Auckland,2021-08-14T09:27:02.115Z
NFANDROID2-PRV-HIMEDIADISHSV10-HIMEDSV10-10094-EFF3AEBDC7A55C4B6C673B77E255D7E241EC48FD787B43F3F3FB25F6041754DE,NZ,HiSilicon HiMediaDishSV10 Set Top Box,HiSilicon HiMediaDishSV10 Set Top Box,222.152.188.116,Auckland,2021-08-13T03:41:21.305Z
NFCDCH-02-FZQGFH54CF5YWAMEJL28HHQ41XDR6H,NZ,Chrome PC (Cadmium),Chrome PC (Cadmium),122.56.171.67,Wellington,2021-08-04T04:09:18.003Z
NFCDIE-03-HG1FETYD0XCMTNR5XY4ARM6KW65DT9,NZ,Edge OSS - Windows (Cadmium),Edge OSS - Windows (Cadmium),222.152.188.116,Auckland,2021-07-15T22:43:39.505Z
SONY-CTV140000000000000007457208,NZ,Sony CE Sony CE 2014 Core DTV Smart TV,Sony CE Sony CE 2014 Core DTV Smart TV,222.152.188.116,Auckland,2021-07-09T19:13:08.948Z
NFANDROID2-PRV-HIMEDIADISHSV10-HIMEDSV10-10094-EFF3AEBDC7A55C4B6C673B77E255D7E241EC48FD787B43F3F3FB25F6041754DE,NZ,HiSilicon HiMediaDishSV10 Set Top Box,HiSilicon HiMediaDishSV10 Set Top Box,222.152.188.116,Auckland,2021-07-09T07:48:30.781Z
NFAPPL-01-IPAD4=2-DE4126F171ACB5D089ACFA06509D88809E69D64D56E3B4A0198D594D93FEBB66,NZ,iPad Air Cellular,iPad Air Cellular,222.152.188.116,Auckland,2021-07-07T17:14:27.669Z
NFAPPL-01-IPAD7=5-1D7FD2E25DC8D08A8581A7A410AEB866A9B27842F2FB756F918B160C8B102B0D,NZ,Apple iPad 6th Gen 9.7 (Wi-Fi) iPad,Apple iPad 6th Gen 9.7 (Wi-Fi) iPad,222.152.188.116,Auckland,2021-07-06T08:43:03.959Z
NFAPPL-01-IPAD7=5-1D7FD2E25DC8D08A8581A7A410AEB866A9B27842F2FB756F918B160C8B102B0D,NZ,Apple iPad 6th Gen 9.7 (Wi-Fi) iPad,Apple iPad 6th Gen 9.7 (Wi-Fi) iPad,222.152.217.190,Auckland,2021-07-05T07:08:18.125Z
NFANDROID2-PRV-HIMEDIADISHSV10-HIMEDSV10-10094-EFF3AEBDC7A55C4B6C673B77E255D7E241EC48FD787B43F3F3FB25F6041754DE,NZ,HiSilicon HiMediaDishSV10 Set Top Box,HiSilicon HiMediaDishSV10 Set Top Box,222.152.217.190,Auckland,2021-07-04T06:55:37.576Z
SONY-CTV140000000000000007457208,NZ,Sony CE Sony CE 2014 Core DTV Smart TV,Sony CE Sony CE 2014 Core DTV Smart TV,222.152.217.190,Auckland,2021-07-03T19:23:21.965Z
NFAPPL-01-IPAD4=2-DE4126F171ACB5D089ACFA06509D88809E69D64D56E3B4A0198D594D93FEBB66,NZ,iPad Air Cellular,iPad Air Cellular,222.152.217.190,Auckland,2021-07-01T17:13:47.554Z
NFCDCH-02-FUFW4JH1XV3F1PEYC8U201T1LKDUAN,NZ,Chrome PC (Cadmium),Chrome PC (Cadmium),122.56.171.67,Wellington,2021-06-30T04:34:26.814Z
SONY-CTV140000000000000007457208,NZ,Sony CE Sony CE 2014 Core DTV Smart TV,Sony CE Sony CE 2014 Core DTV Smart TV,222.152.217.190,Auckland,2021-06-11T19:48:04.415Z
NFANDROID2-PRV-HIMEDIADISHSV10-HIMEDSV10-10094-EFF3AEBDC7A55C4B6C673B77E255D7E241EC48FD787B43F3F3FB25F6041754DE,NZ,HiSilicon HiMediaDishSV10 Set Top Box,HiSilicon HiMediaDishSV10 Set Top Box,222.152.217.190,Auckland,2021-06-11T05:22:00.175Z
NFAPPL-01-IPAD4=2-DE4126F171ACB5D089ACFA06509D88809E69D64D56E3B4A0198D594D93FEBB66,NZ,iPad Air Cellular,iPad Air Cellular,222.152.217.190,Auckland,2021-06-10T17:20:55.482Z
NFAPPL-01-IPAD7=5-1D7FD2E25DC8D08A8581A7A410AEB866A9B27842F2FB756F918B160C8B102B0D,NZ,Apple iPad 6th Gen 9.7 (Wi-Fi) iPad,Apple iPad 6th Gen 9.7 (Wi-Fi) iPad,222.152.217.190,Auckland,2021-06-10T08:28:26.956Z
NFAPPL-01-IPAD4=2-DE4126F171ACB5D089ACFA06509D88809E69D64D56E3B4A0198D594D93FEBB66,NZ,iPad Air Cellular,iPad Air Cellular,125.238.253.15,Auckland,2021-06-09T17:24:47.056Z
NFAPPL-01-IPAD7=5-1D7FD2E25DC8D08A8581A7A410AEB866A9B27842F2FB756F918B160C8B102B0D,NZ,Apple iPad 6th Gen 9.7 (Wi-Fi) iPad,Apple iPad 6th Gen 9.7 (Wi-Fi) iPad,125.238.253.15,Auckland,2021-06-09T14:50:37.913Z
NFANDROID2-PRV-HIMEDIADISHSV10-HIMEDSV10-10094-EFF3AEBDC7A55C4B6C673B77E255D7E241EC48FD787B43F3F3FB25F6041754DE,NZ,HiSilicon HiMediaDishSV10 Set Top Box,HiSilicon HiMediaDishSV10 Set Top Box,125.238.253.15,Auckland,2021-06-08T07:20:36.563Z
SONY-CTV140000000000000007457208,NZ,Sony CE Sony CE 2014 Core DTV Smart TV,Sony CE Sony CE 2014 Core DTV Smart TV,125.238.253.15,Auckland,2021-06-05T19:46:16.596Z
NFAPPL-01-IPAD7=5-1D7FD2E25DC8D08A8581A7A410AEB866A9B27842F2FB756F918B160C8B102B0D,NZ,Apple iPad 6th Gen 9.7 (Wi-Fi) iPad,Apple iPad 6th Gen 9.7 (Wi-Fi) iPad,125.238.253.15,Auckland,2021-06-04T03:10:47.484Z
NFAPPL-01-IPAD7=5-1D7FD2E25DC8D08A8581A7A410AEB866A9B27842F2FB756F918B160C8B102B0D,NZ,Apple iPad 6th Gen 9.7 (Wi-Fi) iPad,Apple iPad 6th Gen 9.7 (Wi-Fi) iPad,122.56.171.67,Wellington,2021-06-03T23:24:32.884Z
NFAPPL-01-IPAD7=5-1D7FD2E25DC8D08A8581A7A410AEB866A9B27842F2FB756F918B160C8B102B0D,NZ,Apple iPad 6th Gen 9.7 (Wi-Fi) iPad,Apple iPad 6th Gen 9.7 (Wi-Fi) iPad,125.238.253.15,Auckland,2021-06-02T07:59:16.420Z
SONY-CTV140000000000000007457208,NZ,Sony CE Sony CE 2014 Core DTV Smart TV,Sony CE Sony CE 2014 Core DTV Smart TV,125.238.253.15,Auckland,2021-05-07T19:45:53.329Z
NFANDROID2-PRV-HIMEDIADISHSV10-HIMEDSV10-10094-EFF3AEBDC7A55C4B6C673B77E255D7E241EC48FD787B43F3F3FB25F6041754DE,NZ,HiSilicon HiMediaDishSV10 Set Top Box,HiSilicon HiMediaDishSV10 Set Top Box,125.238.253.15,Auckland,2021-05-07T06:05:30.919Z
NFAPPL-01-IPAD4=2-DE4126F171ACB5D089ACFA06509D88809E69D64D56E3B4A0198D594D93FEBB66,NZ,iPad Air Cellular,iPad Air Cellular,125.238.253.15,Auckland,2021-05-05T17:54:41.833Z
NFAPPL-01-IPAD7=5-1D7FD2E25DC8D08A8581A7A410AEB866A9B27842F2FB756F918B160C8B102B0D,NZ,Apple iPad 6th Gen 9.7 (Wi-Fi) iPad,Apple iPad 6th Gen 9.7 (Wi-Fi) iPad,125.238.253.15,Auckland,2021-05-03T09:14:08.061Z
NFAPPL-01-IPAD7=5-1D7FD2E25DC8D08A8581A7A410AEB866A9B27842F2FB756F918B160C8B102B0D,NZ,Apple iPad 6th Gen 9.7 (Wi-Fi) iPad,Apple iPad 6th Gen 9.7 (Wi-Fi) iPad,125.236.136.63,Auckland,2021-05-03T05:01:40.744Z
NFAPPL-01-IPAD7=5-1D7FD2E25DC8D08A8581A7A410AEB866A9B27842F2FB756F918B160C8B102B0D,NZ,Apple iPad 6th Gen 9.7 (Wi-Fi) iPad,Apple iPad 6th Gen 9.7 (Wi-Fi) iPad,125.236.136.63,Auckland,2021-05-02T08:03:26.651Z
NFAPPL-01-IPAD4=2-DE4126F171ACB5D089ACFA06509D88809E69D64D56E3B4A0198D594D93FEBB66,NZ,iPad Air Cellular,iPad Air Cellular,125.236.136.63,Auckland,2021-05-02T03:26:50.187Z
GOOGEAR0010000000000000021919795,NZ,Google Chromecast V3 Streaming Stick,Google Chromecast V3 Streaming Stick,210.246.58.164,Wellington,2021-05-01T08:11:45.129Z
NFAPPL-01-IPAD4=2-DE4126F171ACB5D089ACFA06509D88809E69D64D56E3B4A0198D594D93FEBB66,NZ,iPad Air Cellular,iPad Air Cellular,210.246.58.164,Wellington,2021-04-30T20:39:12.905Z
GOOGEAR0010000000000000021919795,NZ,Google Chromecast V3 Streaming Stick,Google Chromecast V3 Streaming Stick,210.246.58.164,Wellington,2021-04-29T04:25:07.655Z
NFAPPL-01-IPAD7=5-1D7FD2E25DC8D08A8581A7A410AEB866A9B27842F2FB756F918B160C8B102B0D,NZ,Apple iPad 6th Gen 9.7 (Wi-Fi) iPad,Apple iPad 6th Gen 9.7 (Wi-Fi) iPad,210.246.58.164,Wellington,2021-04-28T19:19:54.517Z
NFAPPL-01-IPAD4=2-DE4126F171ACB5D089ACFA06509D88809E69D64D56E3B4A0198D594D93FEBB66,NZ,iPad Air Cellular,iPad Air Cellular,210.246.58.164,Wellington,2021-04-28T18:17:09.654Z
NFAPPL-01-IPAD7=5-1D7FD2E25DC8D08A8581A7A410AEB866A9B27842F2FB756F918B160C8B102B0D,NZ,Apple iPad 6th Gen 9.7 (Wi-Fi) iPad,Apple iPad 6th Gen 9.7 (Wi-Fi) iPad,222.152.174.158,Auckland,2021-04-28T08:26:34.326Z
NFANDROID2-PRV-HIMEDIADISHSV10-HIMEDSV10-10094-EFF3AEBDC7A55C4B6C673B77E255D7E241EC48FD787B43F3F3FB25F6041754DE,NZ,HiSilicon HiMediaDishSV10 Set Top Box,HiSilicon HiMediaDishSV10 Set Top Box,222.152.174.158,Auckland,2021-04-28T00:34:10.457Z
SONY-CTV140000000000000007457208,NZ,Sony CE Sony CE 2014 Core DTV Smart TV,Sony CE Sony CE 2014 Core DTV Smart TV,222.152.174.158,Auckland,2021-04-27T19:46:33.812Z
NFCDCH-01-FFLW2CT4M85Y4E0CF2551MTFJMMJ1C,NZ,Chrome OS (Cadmium),Chrome OS (Cadmium),222.152.174.158,Auckland,2021-04-26T07:07:26.936Z
NFCDCH-01-FFLW2CT4M85Y4E0CF2551MTFJMMJ1C,NZ,Chrome OS (Cadmium),Chrome OS (Cadmium),103.231.91.140,Auckland,2021-04-26T07:04:04.150Z
NFCDCH-01-FFLW2CT4M85Y4E0CF2551MTFJMMJ1C,NZ,Chrome OS (Cadmium),Chrome OS (Cadmium),222.152.174.158,Auckland,2021-04-25T03:43:04.119Z
NFCDCH-01-FFLW2CT4M85Y4E0CF2551MTFJMMJ1C,NZ,Chrome OS (Cadmium),Chrome OS (Cadmium),222.152.174.158,Auckland,2021-04-14T17:22:46.007Z
NFCDCH-01-GPDU57H2XL7A2NC43E9EQH8U3AQ490,NZ,Chrome OS (Cadmium),Chrome OS (Cadmium),222.152.174.158,Auckland,2021-04-14T17:22:29.112Z
NFAPPL-01-IPAD4=2-DE4126F171ACB5D089ACFA06509D88809E69D64D56E3B4A0198D594D93FEBB66,NZ,iPad Air Cellular,iPad Air Cellular,222.152.174.158,Auckland,2021-04-07T17:29:27.703Z
SONY-CTV140000000000000007457208,NZ,Sony CE Sony CE 2014 Core DTV Smart TV,Sony CE Sony CE 2014 Core DTV Smart TV,222.152.174.158,Auckland,2021-03-26T18:46:11.702Z
NFANDROID2-PRV-HIMEDIADISHSV10-HIMEDSV10-10094-EFF3AEBDC7A55C4B6C673B77E255D7E241EC48FD787B43F3F3FB25F6041754DE,NZ,HiSilicon HiMediaDishSV10 Set Top Box,HiSilicon HiMediaDishSV10 Set Top Box,222.152.174.158,Auckland,2021-03-26T04:58:18.890Z
NFAPPL-01-IPAD7=5-1D7FD2E25DC8D08A8581A7A410AEB866A9B27842F2FB756F918B160C8B102B0D,NZ,Apple iPad 6th Gen 9.7 (Wi-Fi) iPad,Apple iPad 6th Gen 9.7 (Wi-Fi) iPad,222.152.174.158,Auckland,2021-03-26T02:50:54.219Z
NFAPPL-01-IPAD7=5-1D7FD2E25DC8D08A8581A7A410AEB866A9B27842F2FB756F918B160C8B102B0D,NZ,Apple iPad 6th Gen 9.7 (Wi-Fi) iPad,Apple iPad 6th Gen 9.7 (Wi-Fi) iPad,222.152.188.90,Auckland,2021-03-23T15:10:53.436Z
NFANDROID2-PRV-HIMEDIADISHSV10-HIMEDSV10-10094-EFF3AEBDC7A55C4B6C673B77E255D7E241EC48FD787B43F3F3FB25F6041754DE,NZ,HiSilicon HiMediaDishSV10 Set Top Box,HiSilicon HiMediaDishSV10 Set Top Box,222.152.188.90,Auckland,2021-03-23T06:45:32.555Z
SONY-CTV140000000000000007457208,NZ,Sony CE Sony CE 2014 Core DTV Smart TV,Sony CE Sony CE 2014 Core DTV Smart TV,222.152.188.90,Auckland,2021-03-20T18:47:05.929Z
SONY-CTV140000000000000007457208,NZ,Sony CE Sony CE 2014 Core DTV Smart TV,Sony CE Sony CE 2014 Core DTV Smart TV,222.152.188.90,Auckland,2021-03-12T18:47:23.880Z
NFAPPL-01-IPAD4=2-DE4126F171ACB5D089ACFA06509D88809E69D64D56E3B4A0198D594D93FEBB66,NZ,iPad Air Cellular,iPad Air Cellular,222.152.188.90,Auckland,2021-03-09T17:02:00.932Z
NFAPPL-01-IPAD7=5-1D7FD2E25DC8D08A8581A7A410AEB866A9B27842F2FB756F918B160C8B102B0D,NZ,Apple iPad 6th Gen 9.7 (Wi-Fi) iPad,Apple iPad 6th Gen 9.7 (Wi-Fi) iPad,222.152.188.90,Auckland,2021-03-09T06:57:09.421Z
NFANDROID2-PRV-HIMEDIADISHSV10-HIMEDSV10-10094-EFF3AEBDC7A55C4B6C673B77E255D7E241EC48FD787B43F3F3FB25F6041754DE,NZ,HiSilicon HiMediaDishSV10 Set Top Box,HiSilicon HiMediaDishSV10 Set Top Box,222.152.188.90,Auckland,2021-03-09T06:53:28.172Z
NFAPPL-01-IPAD7=5-1D7FD2E25DC8D08A8581A7A410AEB866A9B27842F2FB756F918B160C8B102B0D,NZ,Apple iPad 6th Gen 9.7 (Wi-Fi) iPad,Apple iPad 6th Gen 9.7 (Wi-Fi) iPad,222.152.188.206,Auckland,2021-03-08T04:59:11.732Z
NFANDROID2-PRV-HIMEDIADISHSV10-HIMEDSV10-10094-EFF3AEBDC7A55C4B6C673B77E255D7E241EC48FD787B43F3F3FB25F6041754DE,NZ,HiSilicon HiMediaDishSV10 Set Top Box,HiSilicon HiMediaDishSV10 Set Top Box,222.152.188.206,Auckland,2021-03-07T03:26:56.628Z
SONY-CTV140000000000000007457208,NZ,Sony CE Sony CE 2014 Core DTV Smart TV,Sony CE Sony CE 2014 Core DTV Smart TV,222.152.188.206,Auckland,2021-03-06T18:45:25.796Z
SONY-CTV140000000000000007457208,NZ,Sony CE Sony CE 2014 Core DTV Smart TV,Sony CE Sony CE 2014 Core DTV Smart TV,222.152.188.206,Auckland,2021-03-05T19:00:15.818Z
NFAPPL-01-IPAD7=5-1D7FD2E25DC8D08A8581A7A410AEB866A9B27842F2FB756F918B160C8B102B0D,NZ,Apple iPad 6th Gen 9.7 (Wi-Fi) iPad,Apple iPad 6th Gen 9.7 (Wi-Fi) iPad,222.152.188.206,Auckland,2021-03-05T00:11:20.528Z
NFANDROID2-PRV-HIMEDIADISHSV10-HIMEDSV10-10094-EFF3AEBDC7A55C4B6C673B77E255D7E241EC48FD787B43F3F3FB25F6041754DE,NZ,HiSilicon HiMediaDishSV10 Set Top Box,HiSilicon HiMediaDishSV10 Set Top Box,222.152.188.206,Auckland,2021-03-04T04:11:32.002Z
NFANDROID2-PRV-HIMEDIADISHSV10-HIMEDSV10-10094-EFF3AEBDC7A55C4B6C673B77E255D7E241EC48FD787B43F3F3FB25F6041754DE,NZ,HiSilicon HiMediaDishSV10 Set Top Box,HiSilicon HiMediaDishSV10 Set Top Box,122.57.178.122,Auckland,2021-03-03T06:25:52.365Z
NFAPPL-01-IPAD7=5-1D7FD2E25DC8D08A8581A7A410AEB866A9B27842F2FB756F918B160C8B102B0D,NZ,Apple iPad 6th Gen 9.7 (Wi-Fi) iPad,Apple iPad 6th Gen 9.7 (Wi-Fi) iPad,122.57.178.122,Auckland,2021-03-02T17:59:10.644Z
NFANDROID2-PRV-HIMEDIADISHSV10-HIMEDSV10-10094-EFF3AEBDC7A55C4B6C673B77E255D7E241EC48FD787B43F3F3FB25F6041754DE,NZ,HiSilicon HiMediaDishSV10 Set Top Box,HiSilicon HiMediaDishSV10 Set Top Box,122.57.178.122,Auckland,2021-03-01T00:05:40.542Z
SONY-CTV140000000000000007457208,NZ,Sony CE Sony CE 2014 Core DTV Smart TV,Sony CE Sony CE 2014 Core DTV Smart TV,122.57.178.122,Auckland,2021-02-27T18:46:49.311Z
NFAPPL-01-IPAD4=2-DE4126F171ACB5D089ACFA06509D88809E69D64D56E3B4A0198D594D93FEBB66,NZ,iPad Air Cellular,iPad Air Cellular,122.57.178.122,Auckland,2021-02-26T20:14:11.172Z
SONY-CTV140000000000000007457208,NZ,Sony CE Sony CE 2014 Core DTV Smart TV,Sony CE Sony CE 2014 Core DTV Smart TV,122.57.178.122,Auckland,2021-02-26T18:47:17.469Z
NFAPPL-01-IPAD7=5-1D7FD2E25DC8D08A8581A7A410AEB866A9B27842F2FB756F918B160C8B102B0D,NZ,Apple iPad 6th Gen 9.7 (Wi-Fi) iPad,Apple iPad 6th Gen 9.7 (Wi-Fi) iPad,122.57.178.122,Auckland,2021-02-25T07:32:26.269Z
NFAPPL-01-IPAD7=5-1D7FD2E25DC8D08A8581A7A410AEB866A9B27842F2FB756F918B160C8B102B0D,NZ,Apple iPad 6th Gen 9.7 (Wi-Fi) iPad,Apple iPad 6th Gen 9.7 (Wi-Fi) iPad,222.152.169.31,Auckland,2021-02-24T14:40:37.628Z
NFANDROID2-PRV-HIMEDIADISHSV10-HIMEDSV10-10094-EFF3AEBDC7A55C4B6C673B77E255D7E241EC48FD787B43F3F3FB25F6041754DE,NZ,HiSilicon HiMediaDishSV10 Set Top Box,HiSilicon HiMediaDishSV10 Set Top Box,222.152.169.31,Auckland,2021-02-24T06:47:14.295Z
SONY-CTV140000000000000007457208,NZ,Sony CE Sony CE 2014 Core DTV Smart TV,Sony CE Sony CE 2014 Core DTV Smart TV,222.152.169.31,Auckland,2021-02-19T18:48:09.893Z
NFCDCH-01-FFLW2CT4M85Y4E0CF2551MTFJMMJ1C,NZ,Chrome OS (Cadmium),Chrome OS (Cadmium),222.152.169.31,Auckland,2021-01-31T01:47:24.226Z
NFAPPL-01-IPAD4=2-DE4126F171ACB5D089ACFA06509D88809E69D64D56E3B4A0198D594D93FEBB66,NZ,iPad Air Cellular,iPad Air Cellular,222.152.169.31,Auckland,2021-01-25T17:26:24.094Z
NFCDCH-02-FUFW4JH1XV3F1PEYC8U201T1LKDUAN,NZ,Chrome PC (Cadmium),Chrome PC (Cadmium),122.56.171.67,Wellington,2021-01-24T21:34:40.425Z
NFANDROID2-PRV-HIMEDIADISHSV10-HIMEDSV10-10094-EFF3AEBDC7A55C4B6C673B77E255D7E241EC48FD787B43F3F3FB25F6041754DE,NZ,HiSilicon HiMediaDishSV10 Set Top Box,HiSilicon HiMediaDishSV10 Set Top Box,222.152.169.31,Auckland,2021-01-24T01:36:02.066Z
SONY-CTV140000000000000007457208,NZ,Sony CE Sony CE 2014 Core DTV Smart TV,Sony CE Sony CE 2014 Core DTV Smart TV,222.152.169.31,Auckland,2021-01-23T19:18:13.843Z
NFAPPL-01-IPAD4=2-DE4126F171ACB5D089ACFA06509D88809E69D64D56E3B4A0198D594D93FEBB66,NZ,iPad Air Cellular,iPad Air Cellular,222.152.169.31,Auckland,2021-01-22T19:33:16.719Z
NFAPPL-01-IPAD7=5-1D7FD2E25DC8D08A8581A7A410AEB866A9B27842F2FB756F918B160C8B102B0D,NZ,Apple iPad 6th Gen 9.7 (Wi-Fi) iPad,Apple iPad 6th Gen 9.7 (Wi-Fi) iPad,222.152.169.31,Auckland,2021-01-22T18:43:32.955Z
NFANDROID2-PRV-HIMEDIADISHSV10-HIMEDSV10-10094-EFF3AEBDC7A55C4B6C673B77E255D7E241EC48FD787B43F3F3FB25F6041754DE,NZ,HiSilicon HiMediaDishSV10 Set Top Box,HiSilicon HiMediaDishSV10 Set Top Box,122.58.196.240,Auckland,2021-01-22T07:11:36.452Z
NFAPPL-01-IPAD7=5-1D7FD2E25DC8D08A8581A7A410AEB866A9B27842F2FB756F918B160C8B102B0D,NZ,Apple iPad 6th Gen 9.7 (Wi-Fi) iPad,Apple iPad 6th Gen 9.7 (Wi-Fi) iPad,122.58.196.240,Auckland,2021-01-22T03:33:19.480Z
SONY-CTV140000000000000007457208,NZ,Sony CE Sony CE 2014 Core DTV Smart TV,Sony CE Sony CE 2014 Core DTV Smart TV,122.58.196.240,Auckland,2021-01-21T18:43:47.350Z
SONY-CTV140000000000000007457208,NZ,Sony CE Sony CE 2014 Core DTV Smart TV,Sony CE Sony CE 2014 Core DTV Smart TV,122.58.196.240,Auckland,2021-01-17T18:08:20.302Z
NFAPPL-01-IPAD7=5-1D7FD2E25DC8D08A8581A7A410AEB866A9B27842F2FB756F918B160C8B102B0D,NZ,Apple iPad 6th Gen 9.7 (Wi-Fi) iPad,Apple iPad 6th Gen 9.7 (Wi-Fi) iPad,122.58.196.240,Auckland,2021-01-16T05:04:17.543Z
NFAPPL-01-IPAD4=2-DE4126F171ACB5D089ACFA06509D88809E69D64D56E3B4A0198D594D93FEBB66,NZ,iPad Air Cellular,iPad Air Cellular,122.58.196.240,Auckland,2021-01-16T04:39:21.896Z
NFAPPL-01-IPAD4=2-DE4126F171ACB5D089ACFA06509D88809E69D64D56E3B4A0198D594D93FEBB66,NZ,iPad Air Cellular,iPad Air Cellular,131.203.241.238,Canterbury,2021-01-16T02:19:41.484Z
NFAPPL-01-IPAD4=2-DE4126F171ACB5D089ACFA06509D88809E69D64D56E3B4A0198D594D93FEBB66,NZ,iPad Air Cellular,iPad Air Cellular,131.203.241.238,Canterbury,2021-01-15T20:03:07.903Z
NFAPPL-01-IPAD4=2-DE4126F171ACB5D089ACFA06509D88809E69D64D56E3B4A0198D594D93FEBB66,NZ,iPad Air Cellular,iPad Air Cellular,103.240.155.160,Canterbury,2021-01-15T19:13:34.853Z
NFAPPL-01-IPAD7=5-1D7FD2E25DC8D08A8581A7A410AEB866A9B27842F2FB756F918B160C8B102B0D,NZ,Apple iPad 6th Gen 9.7 (Wi-Fi) iPad,Apple iPad 6th Gen 9.7 (Wi-Fi) iPad,103.240.155.160,Canterbury,2021-01-15T18:12:43.686Z
NFAPPL-01-IPAD7=5-1D7FD2E25DC8D08A8581A7A410AEB866A9B27842F2FB756F918B160C8B102B0D,NZ,Apple iPad 6th Gen 9.7 (Wi-Fi) iPad,Apple iPad 6th Gen 9.7 (Wi-Fi) iPad,103.240.155.160,Canterbury,2021-01-14T21:14:11.579Z
NFAPPL-01-IPAD7=5-1D7FD2E25DC8D08A8581A7A410AEB866A9B27842F2FB756F918B160C8B102B0D,NZ,Apple iPad 6th Gen 9.7 (Wi-Fi) iPad,Apple iPad 6th Gen 9.7 (Wi-Fi) iPad,58.84.51.243,Canterbury,2021-01-14T19:31:27.507Z
NFAPPL-01-IPAD4=2-DE4126F171ACB5D089ACFA06509D88809E69D64D56E3B4A0198D594D93FEBB66,NZ,iPad Air Cellular,iPad Air Cellular,103.240.155.160,Canterbury,2021-01-13T22:17:03.643Z
NFAPPL-01-IPAD4=2-DE4126F171ACB5D089ACFA06509D88809E69D64D56E3B4A0198D594D93FEBB66,NZ,iPad Air Cellular,iPad Air Cellular,58.84.51.243,Canterbury,2021-01-13T04:52:14.155Z
NFAPPL-01-IPAD7=5-1D7FD2E25DC8D08A8581A7A410AEB866A9B27842F2FB756F918B160C8B102B0D,NZ,Apple iPad 6th Gen 9.7 (Wi-Fi) iPad,Apple iPad 6th Gen 9.7 (Wi-Fi) iPad,58.84.51.243,Canterbury,2021-01-09T19:32:39.612Z
NFAPPL-01-IPAD4=2-DE4126F171ACB5D089ACFA06509D88809E69D64D56E3B4A0198D594D93FEBB66,NZ,iPad Air Cellular,iPad Air Cellular,58.84.51.243,Canterbury,2021-01-08T18:36:05.402Z
NFAPPL-01-IPAD4=2-DE4126F171ACB5D089ACFA06509D88809E69D64D56E3B4A0198D594D93FEBB66,NZ,iPad Air Cellular,iPad Air Cellular,131.203.179.213,Auckland,2021-01-08T18:04:02.805Z
NFAPPL-01-IPAD4=2-DE4126F171ACB5D089ACFA06509D88809E69D64D56E3B4A0198D594D93FEBB66,NZ,iPad Air Cellular,iPad Air Cellular,122.58.196.240,Auckland,2021-01-08T06:18:35.491Z
NFAPPL-01-IPAD7=5-1D7FD2E25DC8D08A8581A7A410AEB866A9B27842F2FB756F918B160C8B102B0D,NZ,Apple iPad 6th Gen 9.7 (Wi-Fi) iPad,Apple iPad 6th Gen 9.7 (Wi-Fi) iPad,122.58.196.240,Auckland,2021-01-08T04:47:07.164Z
NFAPPL-01-IPAD4=2-DE4126F171ACB5D089ACFA06509D88809E69D64D56E3B4A0198D594D93FEBB66,NZ,iPad Air Cellular,iPad Air Cellular,122.58.196.240,Auckland,2020-12-28T06:21:12.305Z
NFANDROID2-PRV-HIMEDIADISHSV10-HIMEDSV10-10094-EFF3AEBDC7A55C4B6C673B77E255D7E241EC48FD787B43F3F3FB25F6041754DE,NZ,HiSilicon HiMediaDishSV10 Set Top Box,HiSilicon HiMediaDishSV10 Set Top Box,122.58.196.240,Auckland,2020-12-27T01:21:31.001Z
NFAPPL-01-IPAD7=5-1D7FD2E25DC8D08A8581A7A410AEB866A9B27842F2FB756F918B160C8B102B0D,NZ,Apple iPad 6th Gen 9.7 (Wi-Fi) iPad,Apple iPad 6th Gen 9.7 (Wi-Fi) iPad,122.58.196.240,Auckland,2020-12-25T22:28:02.999Z
SONY-CTV140000000000000007457208,NZ,Sony CE Sony CE 2014 Core DTV Smart TV,Sony CE Sony CE 2014 Core DTV Smart TV,222.152.175.19,Auckland,2020-12-25T18:25:23.867Z
NFAPPL-01-IPAD7=5-1D7FD2E25DC8D08A8581A7A410AEB866A9B27842F2FB756F918B160C8B102B0D,NZ,Apple iPad 6th Gen 9.7 (Wi-Fi) iPad,Apple iPad 6th Gen 9.7 (Wi-Fi) iPad,222.152.175.19,Auckland,2020-12-25T18:19:02.462Z
NFCDCH-01-FFLW2CT4M85Y4E0CF2551MTFJMMJ1C,NZ,Chrome OS (Cadmium),Chrome OS (Cadmium),222.152.175.19,Auckland,2020-12-24T07:02:18.761Z
NFANDROID2-PRV-HIMEDIADISHSV10-HIMEDSV10-10094-EFF3AEBDC7A55C4B6C673B77E255D7E241EC48FD787B43F3F3FB25F6041754DE,NZ,HiSilicon HiMediaDishSV10 Set Top Box,HiSilicon HiMediaDishSV10 Set Top Box,222.152.175.19,Auckland,2020-12-24T06:59:43.131Z
SONY-CTV140000000000000007457208,NZ,Sony CE Sony CE 2014 Core DTV Smart TV,Sony CE Sony CE 2014 Core DTV Smart TV,222.152.175.19,Auckland,2020-12-23T17:58:39.948Z
NFAPPL-01-IPAD7=5-1D7FD2E25DC8D08A8581A7A410AEB866A9B27842F2FB756F918B160C8B102B0D,NZ,Apple iPad 6th Gen 9.7 (Wi-Fi) iPad,Apple iPad 6th Gen 9.7 (Wi-Fi) iPad,222.152.175.19,Auckland,2020-12-20T08:11:12.007Z
NFANDROID2-PRV-HIMEDIADISHSV10-HIMEDSV10-10094-EFF3AEBDC7A55C4B6C673B77E255D7E241EC48FD787B43F3F3FB25F6041754DE,NZ,HiSilicon HiMediaDishSV10 Set Top Box,HiSilicon HiMediaDishSV10 Set Top Box,222.152.175.19,Auckland,2020-12-20T06:26:16.946Z
NFAPPL-01-IPAD7=5-1D7FD2E25DC8D08A8581A7A410AEB866A9B27842F2FB756F918B160C8B102B0D,NZ,Apple iPad 6th Gen 9.7 (Wi-Fi) iPad,Apple iPad 6th Gen 9.7 (Wi-Fi) iPad,222.152.171.209,Auckland,2020-12-19T18:16:11.440Z
SONY-CTV140000000000000007457208,NZ,Sony CE Sony CE 2014 Core DTV Smart TV,Sony CE Sony CE 2014 Core DTV Smart TV,222.152.171.209,Auckland,2020-12-19T17:15:26.560Z
NFANDROID2-PRV-HIMEDIADISHSV10-HIMEDSV10-10094-EFF3AEBDC7A55C4B6C673B77E255D7E241EC48FD787B43F3F3FB25F6041754DE,NZ,HiSilicon HiMediaDishSV10 Set Top Box,HiSilicon HiMediaDishSV10 Set Top Box,222.152.171.209,Auckland,2020-12-19T07:31:46.596Z
SONY-CTV140000000000000007457208,NZ,Sony CE Sony CE 2014 Core DTV Smart TV,Sony CE Sony CE 2014 Core DTV Smart TV,222.152.171.209,Auckland,2020-12-18T18:40:30.728Z
NFANDROID2-PRV-HIMEDIADISHSV10-HIMEDSV10-10094-EFF3AEBDC7A55C4B6C673B77E255D7E241EC48FD787B43F3F3FB25F6041754DE,NZ,HiSilicon HiMediaDishSV10 Set Top Box,HiSilicon HiMediaDishSV10 Set Top Box,222.152.171.209,Auckland,2020-12-17T06:07:12.751Z
NFAPPL-01-IPAD7=5-1D7FD2E25DC8D08A8581A7A410AEB866A9B27842F2FB756F918B160C8B102B0D,NZ,Apple iPad 6th Gen 9.7 (Wi-Fi) iPad,Apple iPad 6th Gen 9.7 (Wi-Fi) iPad,222.152.171.209,Auckland,2020-12-16T06:15:04.405Z
NFANDROID2-PRV-HIMEDIADISHSV10-HIMEDSV10-10094-EFF3AEBDC7A55C4B6C673B77E255D7E241EC48FD787B43F3F3FB25F6041754DE,NZ,HiSilicon HiMediaDishSV10 Set Top Box,HiSilicon HiMediaDishSV10 Set Top Box,122.57.182.185,Auckland,2020-12-15T07:08:12.729Z
NFAPPL-01-IPAD7=5-1D7FD2E25DC8D08A8581A7A410AEB866A9B27842F2FB756F918B160C8B102B0D,NZ,Apple iPad 6th Gen 9.7 (Wi-Fi) iPad,Apple iPad 6th Gen 9.7 (Wi-Fi) iPad,122.57.182.185,Auckland,2020-12-15T07:06:43.263Z
SONY-CTV140000000000000007457208,NZ,Sony CE Sony CE 2014 Core DTV Smart TV,Sony CE Sony CE 2014 Core DTV Smart TV,122.57.182.185,Auckland,2020-12-11T18:08:51.590Z
NFAPPL-01-IPAD4=2-DE4126F171ACB5D089ACFA06509D88809E69D64D56E3B4A0198D594D93FEBB66,NZ,iPad Air Cellular,iPad Air Cellular,122.57.182.185,Auckland,2020-12-08T06:18:00.689Z
SONY-CTV140000000000000007457208,NZ,Sony CE Sony CE 2014 Core DTV Smart TV,Sony CE Sony CE 2014 Core DTV Smart TV,122.57.182.185,Auckland,2020-12-04T18:32:55.067Z
NFANDROID2-PRV-HIMEDIADISHSV10-HIMEDSV10-10094-EFF3AEBDC7A55C4B6C673B77E255D7E241EC48FD787B43F3F3FB25F6041754DE,NZ,HiSilicon HiMediaDishSV10 Set Top Box,HiSilicon HiMediaDishSV10 Set Top Box,122.57.182.185,Auckland,2020-12-02T06:29:29.621Z
NFAPPL-01-IPAD7=5-1D7FD2E25DC8D08A8581A7A410AEB866A9B27842F2FB756F918B160C8B102B0D,NZ,Apple iPad 6th Gen 9.7 (Wi-Fi) iPad,Apple iPad 6th Gen 9.7 (Wi-Fi) iPad,122.57.182.185,Auckland,2020-11-30T06:12:02.964Z
NFAPPL-01-IPAD7=5-1D7FD2E25DC8D08A8581A7A410AEB866A9B27842F2FB756F918B160C8B102B0D,NZ,Apple iPad 6th Gen 9.7 (Wi-Fi) iPad,Apple iPad 6th Gen 9.7 (Wi-Fi) iPad,122.58.20.71,Auckland,2020-11-29T08:12:54.562Z
NFAPPL-01-IPAD7=5-1D7FD2E25DC8D08A8581A7A410AEB866A9B27842F2FB756F918B160C8B102B0D,NZ,Apple iPad 6th Gen 9.7 (Wi-Fi) iPad,Apple iPad 6th Gen 9.7 (Wi-Fi) iPad,222.152.171.170,Auckland,2020-11-29T07:56:58.226Z
NFANDROID2-PRV-HIMEDIADISHSV10-HIMEDSV10-10094-EFF3AEBDC7A55C4B6C673B77E255D7E241EC48FD787B43F3F3FB25F6041754DE,NZ,HiSilicon HiMediaDishSV10 Set Top Box,HiSilicon HiMediaDishSV10 Set Top Box,222.152.171.170,Auckland,2020-11-29T01:59:28.300Z
SONY-CTV140000000000000007457208,NZ,Sony CE Sony CE 2014 Core DTV Smart TV,Sony CE Sony CE 2014 Core DTV Smart TV,222.152.171.170,Auckland,2020-11-28T18:47:00.725Z
NFANDROID2-PRV-HIMEDIADISHSV10-HIMEDSV10-10094-EFF3AEBDC7A55C4B6C673B77E255D7E241EC48FD787B43F3F3FB25F6041754DE,NZ,HiSilicon HiMediaDishSV10 Set Top Box,HiSilicon HiMediaDishSV10 Set Top Box,222.152.171.170,Auckland,2020-11-28T05:48:40.045Z
SONY-CTV140000000000000007457208,NZ,Sony CE Sony CE 2014 Core DTV Smart TV,Sony CE Sony CE 2014 Core DTV Smart TV,222.152.171.170,Auckland,2020-11-27T18:54:35.936Z
NFAPPL-01-IPAD7=5-1D7FD2E25DC8D08A8581A7A410AEB866A9B27842F2FB756F918B160C8B102B0D,NZ,Apple iPad 6th Gen 9.7 (Wi-Fi) iPad,Apple iPad 6th Gen 9.7 (Wi-Fi) iPad,222.152.171.170,Auckland,2020-11-27T18:45:43.811Z
NFAPPL-01-IPAD7=5-1D7FD2E25DC8D08A8581A7A410AEB866A9B27842F2FB756F918B160C8B102B0D,NZ,Apple iPad 6th Gen 9.7 (Wi-Fi) iPad,Apple iPad 6th Gen 9.7 (Wi-Fi) iPad,222.152.223.213,Auckland,2020-11-27T05:15:20.637Z
NFAPPL-01-IPAD4=2-DE4126F171ACB5D089ACFA06509D88809E69D64D56E3B4A0198D594D93FEBB66,NZ,iPad Air Cellular,iPad Air Cellular,222.152.223.213,Auckland,2020-11-26T04:19:26.715Z
NFANDROID2-PRV-HIMEDIADISHSV10-HIMEDSV10-10094-EFF3AEBDC7A55C4B6C673B77E255D7E241EC48FD787B43F3F3FB25F6041754DE,NZ,HiSilicon HiMediaDishSV10 Set Top Box,HiSilicon HiMediaDishSV10 Set Top Box,222.152.223.213,Auckland,2020-11-25T06:23:40.828Z
SONY-CTV140000000000000007457208,NZ,Sony CE Sony CE 2014 Core DTV Smart TV,Sony CE Sony CE 2014 Core DTV Smart TV,222.152.223.213,Auckland,2020-11-21T18:47:27.980Z
SONY-CTV140000000000000007457208,NZ,Sony CE Sony CE 2014 Core DTV Smart TV,Sony CE Sony CE 2014 Core DTV Smart TV,222.152.223.213,Auckland,2020-11-20T18:50:56.163Z
NFAPPL-01-IPAD7=5-1D7FD2E25DC8D08A8581A7A410AEB866A9B27842F2FB756F918B160C8B102B0D,NZ,Apple iPad 6th Gen 9.7 (Wi-Fi) iPad,Apple iPad 6th Gen 9.7 (Wi-Fi) iPad,222.152.223.213,Auckland,2020-11-15T07:50:45.318Z
NFAPPL-01-IPAD4=2-DE4126F171ACB5D089ACFA06509D88809E69D64D56E3B4A0198D594D93FEBB66,NZ,iPad Air Cellular,iPad Air Cellular,222.152.223.213,Auckland,2020-11-15T04:20:13.900Z
NFAPPL-01-IPAD7=5-1D7FD2E25DC8D08A8581A7A410AEB866A9B27842F2FB756F918B160C8B102B0D,NZ,Apple iPad 6th Gen 9.7 (Wi-Fi) iPad,Apple iPad 6th Gen 9.7 (Wi-Fi) iPad,114.23.111.176,Canterbury,2020-11-14T01:04:36.865Z
NFAPPL-01-IPAD7=5-1D7FD2E25DC8D08A8581A7A410AEB866A9B27842F2FB756F918B160C8B102B0D,NZ,Apple iPad 6th Gen 9.7 (Wi-Fi) iPad,Apple iPad 6th Gen 9.7 (Wi-Fi) iPad,114.23.111.176,Canterbury,2020-11-12T18:34:26.134Z
NFANDROID2-PRV-HIMEDIADISHSV10-HIMEDSV10-10094-EFF3AEBDC7A55C4B6C673B77E255D7E241EC48FD787B43F3F3FB25F6041754DE,NZ,HiSilicon HiMediaDishSV10 Set Top Box,HiSilicon HiMediaDishSV10 Set Top Box,222.152.223.213,Auckland,2020-11-12T06:59:04.694Z
NFAPPL-01-IPAD7=5-1D7FD2E25DC8D08A8581A7A410AEB866A9B27842F2FB756F918B160C8B102B0D,NZ,Apple iPad 6th Gen 9.7 (Wi-Fi) iPad,Apple iPad 6th Gen 9.7 (Wi-Fi) iPad,222.152.223.213,Auckland,2020-11-12T04:30:07.425Z
NFANDROID2-PRV-HIMEDIADISHSV10-HIMEDSV10-10094-EFF3AEBDC7A55C4B6C673B77E255D7E241EC48FD787B43F3F3FB25F6041754DE,NZ,HiSilicon HiMediaDishSV10 Set Top Box,HiSilicon HiMediaDishSV10 Set Top Box,122.62.136.221,Auckland,2020-11-11T06:29:24.757Z
NFAPPL-01-IPAD7=5-1D7FD2E25DC8D08A8581A7A410AEB866A9B27842F2FB756F918B160C8B102B0D,NZ,Apple iPad 6th Gen 9.7 (Wi-Fi) iPad,Apple iPad 6th Gen 9.7 (Wi-Fi) iPad,122.62.136.221,Auckland,2020-11-11T06:15:32.693Z
SONY-CTV140000000000000007457208,NZ,Sony CE Sony CE 2014 Core DTV Smart TV,Sony CE Sony CE 2014 Core DTV Smart TV,122.62.136.221,Auckland,2020-11-07T18:46:02.061Z
NFAPPL-01-IPAD7=5-1D7FD2E25DC8D08A8581A7A410AEB866A9B27842F2FB756F918B160C8B102B0D,NZ,Apple iPad 6th Gen 9.7 (Wi-Fi) iPad,Apple iPad 6th Gen 9.7 (Wi-Fi) iPad,122.62.136.221,Auckland,2020-10-27T07:47:58.961Z
NFAPPL-01-IPAD7=5-1D7FD2E25DC8D08A8581A7A410AEB866A9B27842F2FB756F918B160C8B102B0D,NZ,Apple iPad 6th Gen 9.7 (Wi-Fi) iPad,Apple iPad 6th Gen 9.7 (Wi-Fi) iPad,122.56.171.67,Wellington,2020-10-26T23:59:58.782Z
NFAPPL-01-IPAD7=5-1D7FD2E25DC8D08A8581A7A410AEB866A9B27842F2FB756F918B160C8B102B0D,NZ,Apple iPad 6th Gen 9.7 (Wi-Fi) iPad,Apple iPad 6th Gen 9.7 (Wi-Fi) iPad,122.62.136.221,Auckland,2020-10-26T05:57:13.145Z
NFAPPL-01-IPAD7=5-1D7FD2E25DC8D08A8581A7A410AEB866A9B27842F2FB756F918B160C8B102B0D,NZ,Apple iPad 6th Gen 9.7 (Wi-Fi) iPad,Apple iPad 6th Gen 9.7 (Wi-Fi) iPad,122.62.136.221,Auckland,2020-10-25T23:49:31.473Z
NFAPPL-01-IPAD7=5-1D7FD2E25DC8D08A8581A7A410AEB866A9B27842F2FB756F918B160C8B102B0D,NZ,Apple iPad 6th Gen 9.7 (Wi-Fi) iPad,Apple iPad 6th Gen 9.7 (Wi-Fi) iPad,114.134.180.130,Waikato,2020-10-25T19:37:50.671Z
NFAPPL-01-IPAD7=5-1D7FD2E25DC8D08A8581A7A410AEB866A9B27842F2FB756F918B160C8B102B0D,NZ,Apple iPad 6th Gen 9.7 (Wi-Fi) iPad,Apple iPad 6th Gen 9.7 (Wi-Fi) iPad,114.134.180.130,Waikato,2020-10-24T05:16:35.501Z
NFAPPL-01-IPAD7=5-1D7FD2E25DC8D08A8581A7A410AEB866A9B27842F2FB756F918B160C8B102B0D,NZ,Apple iPad 6th Gen 9.7 (Wi-Fi) iPad,Apple iPad 6th Gen 9.7 (Wi-Fi) iPad,122.62.136.221,Auckland,2020-10-23T06:41:10.285Z
NFAPPL-01-IPAD4=2-DE4126F171ACB5D089ACFA06509D88809E69D64D56E3B4A0198D594D93FEBB66,NZ,iPad Air Cellular,iPad Air Cellular,122.62.136.221,Auckland,2020-09-22T02:47:45.211Z
NFCDCH-01-FFLW2CT4M85Y4E0CF2551MTFJMMJ1C,NZ,Chrome OS (Cadmium),Chrome OS (Cadmium),103.231.90.236,Unknown,2020-09-19T20:23:37.238Z
SONY-CTV140000000000000007457208,NZ,Sony CE Sony CE 2014 Core DTV Smart TV,Sony CE Sony CE 2014 Core DTV Smart TV,122.62.136.221,Auckland,2020-09-18T19:47:18.430Z
NFANDROID2-PRV-HIMEDIADISHSV10-HIMEDSV10-10094-EFF3AEBDC7A55C4B6C673B77E255D7E241EC48FD787B43F3F3FB25F6041754DE,NZ,HiSilicon HiMediaDishSV10 Set Top Box,HiSilicon HiMediaDishSV10 Set Top Box,122.62.136.221,Auckland,2020-09-18T07:36:29.195Z
NFAPPL-01-IPAD7=5-1D7FD2E25DC8D08A8581A7A410AEB866A9B27842F2FB756F918B160C8B102B0D,NZ,Apple iPad 6th Gen 9.7 (Wi-Fi) iPad,Apple iPad 6th Gen 9.7 (Wi-Fi) iPad,122.62.136.221,Auckland,2020-09-18T05:37:46.912Z
NFAPPL-01-IPAD7=5-1D7FD2E25DC8D08A8581A7A410AEB866A9B27842F2FB756F918B160C8B102B0D,NZ,Apple iPad 6th Gen 9.7 (Wi-Fi) iPad,Apple iPad 6th Gen 9.7 (Wi-Fi) iPad,125.238.251.69,Auckland,2020-09-17T08:08:25.332Z
NFANDROID2-PRV-HIMEDIADISHSV10-HIMEDSV10-10094-EFF3AEBDC7A55C4B6C673B77E255D7E241EC48FD787B43F3F3FB25F6041754DE,NZ,HiSilicon HiMediaDishSV10 Set Top Box,HiSilicon HiMediaDishSV10 Set Top Box,125.238.251.69,Auckland,2020-09-17T07:18:48.942Z
SONY-CTV140000000000000007457208,NZ,Sony CE Sony CE 2014 Core DTV Smart TV,Sony CE Sony CE 2014 Core DTV Smart TV,125.238.251.69,Auckland,2020-09-16T19:04:05.646Z
NFAPPL-01-IPAD4=2-DE4126F171ACB5D089ACFA06509D88809E69D64D56E3B4A0198D594D93FEBB66,NZ,iPad Air Cellular,iPad Air Cellular,125.238.251.69,Auckland,2020-09-16T04:42:10.472Z
NFAPPL-01-IPAD7=5-1D7FD2E25DC8D08A8581A7A410AEB866A9B27842F2FB756F918B160C8B102B0D,NZ,Apple iPad 6th Gen 9.7 (Wi-Fi) iPad,Apple iPad 6th Gen 9.7 (Wi-Fi) iPad,125.238.251.69,Auckland,2020-07-23T07:36:17.699Z
NFAPPL-01-IPAD4=2-DE4126F171ACB5D089ACFA06509D88809E69D64D56E3B4A0198D594D93FEBB66,NZ,iPad Air Cellular,iPad Air Cellular,125.238.251.69,Auckland,2020-07-23T04:23:27.834Z
NFAPPL-01-IPAD7=5-1D7FD2E25DC8D08A8581A7A410AEB866A9B27842F2FB756F918B160C8B102B0D,NZ,Apple iPad 6th Gen 9.7 (Wi-Fi) iPad,Apple iPad 6th Gen 9.7 (Wi-Fi) iPad,122.56.171.67,Wellington,2020-07-23T03:21:20.335Z
NFAPPL-01-IPAD7=5-1D7FD2E25DC8D08A8581A7A410AEB866A9B27842F2FB756F918B160C8B102B0D,NZ,Apple iPad 6th Gen 9.7 (Wi-Fi) iPad,Apple iPad 6th Gen 9.7 (Wi-Fi) iPad,125.238.251.69,Auckland,2020-07-22T08:30:42.065Z
SONY-CTV140000000000000007457208,NZ,Sony CE Sony CE 2014 Core DTV Smart TV,Sony CE Sony CE 2014 Core DTV Smart TV,125.238.251.69,Auckland,2020-07-19T01:10:49.238Z
NFAPPL-01-IPAD7=5-1D7FD2E25DC8D08A8581A7A410AEB866A9B27842F2FB756F918B160C8B102B0D,NZ,Apple iPad 6th Gen 9.7 (Wi-Fi) iPad,Apple iPad 6th Gen 9.7 (Wi-Fi) iPad,125.238.251.69,Auckland,2020-07-18T05:11:02.952Z
NFANDROID2-PRV-HIMEDIADISHSV10-HIMEDSV10-10094-EFF3AEBDC7A55C4B6C673B77E255D7E241EC48FD787B43F3F3FB25F6041754DE,NZ,HiSilicon HiMediaDishSV10 Set Top Box,HiSilicon HiMediaDishSV10 Set Top Box,125.238.251.69,Auckland,2020-07-18T03:03:17.586Z
NFAPPL-01-IPAD7=5-1D7FD2E25DC8D08A8581A7A410AEB866A9B27842F2FB756F918B160C8B102B0D,NZ,Apple iPad 6th Gen 9.7 (Wi-Fi) iPad,Apple iPad 6th Gen 9.7 (Wi-Fi) iPad,222.152.108.1,Bay of Plenty,2020-07-17T03:42:14.214Z
NFAPPL-01-IPAD7=5-1D7FD2E25DC8D08A8581A7A410AEB866A9B27842F2FB756F918B160C8B102B0D,NZ,Apple iPad 6th Gen 9.7 (Wi-Fi) iPad,Apple iPad 6th Gen 9.7 (Wi-Fi) iPad,222.152.108.1,Bay of Plenty,2020-07-12T20:06:23.207Z
NFANDROID2-PRV-HIMEDIADISHSV10-HIMEDSV10-10094-EFF3AEBDC7A55C4B6C673B77E255D7E241EC48FD787B43F3F3FB25F6041754DE,NZ,HiSilicon HiMediaDishSV10 Set Top Box,HiSilicon HiMediaDishSV10 Set Top Box,122.57.178.143,Auckland,2020-07-11T20:09:20.946Z
NFAPPL-01-IPAD7=5-1D7FD2E25DC8D08A8581A7A410AEB866A9B27842F2FB756F918B160C8B102B0D,NZ,Apple iPad 6th Gen 9.7 (Wi-Fi) iPad,Apple iPad 6th Gen 9.7 (Wi-Fi) iPad,122.57.178.143,Auckland,2020-07-11T19:39:08.615Z
NFAPPL-01-IPAD4=2-DE4126F171ACB5D089ACFA06509D88809E69D64D56E3B4A0198D594D93FEBB66,NZ,iPad Air Cellular,iPad Air Cellular,122.57.178.143,Auckland,2020-07-09T04:20:43.745Z
NFAPPL-01-IPAD7=5-1D7FD2E25DC8D08A8581A7A410AEB866A9B27842F2FB756F918B160C8B102B0D,NZ,Apple iPad 6th Gen 9.7 (Wi-Fi) iPad,Apple iPad 6th Gen 9.7 (Wi-Fi) iPad,122.57.178.143,Auckland,2020-06-11T07:03:59.830Z
NFAPPL-01-IPAD7=5-1D7FD2E25DC8D08A8581A7A410AEB866A9B27842F2FB756F918B160C8B102B0D,NZ,Apple iPad 6th Gen 9.7 (Wi-Fi) iPad,Apple iPad 6th Gen 9.7 (Wi-Fi) iPad,122.56.171.67,Wellington,2020-06-11T04:23:34.559Z
NFAPPL-01-IPAD7=5-1D7FD2E25DC8D08A8581A7A410AEB866A9B27842F2FB756F918B160C8B102B0D,NZ,Apple iPad 6th Gen 9.7 (Wi-Fi) iPad,Apple iPad 6th Gen 9.7 (Wi-Fi) iPad,122.57.178.143,Auckland,2020-06-10T07:46:41.479Z
NFAPPL-01-IPAD7=5-1D7FD2E25DC8D08A8581A7A410AEB866A9B27842F2FB756F918B160C8B102B0D,NZ,Apple iPad 6th Gen 9.7 (Wi-Fi) iPad,Apple iPad 6th Gen 9.7 (Wi-Fi) iPad,122.56.171.67,Wellington,2020-06-10T04:33:21.649Z
NFAPPL-01-IPAD7=5-1D7FD2E25DC8D08A8581A7A410AEB866A9B27842F2FB756F918B160C8B102B0D,NZ,Apple iPad 6th Gen 9.7 (Wi-Fi) iPad,Apple iPad 6th Gen 9.7 (Wi-Fi) iPad,122.57.178.143,Auckland,2020-06-09T06:59:40.338Z
NFAPPL-01-IPAD4=2-DE4126F171ACB5D089ACFA06509D88809E69D64D56E3B4A0198D594D93FEBB66,NZ,iPad Air Cellular,iPad Air Cellular,122.57.178.143,Auckland,2020-05-31T20:07:47.991Z
NFAPPL-01-IPAD4=2-DE4126F171ACB5D089ACFA06509D88809E69D64D56E3B4A0198D594D93FEBB66,US,iPad Air Cellular,iPad Air Cellular,185.51.229.179,Unknown,2020-05-30T06:13:03.611Z
NFAPPL-01-IPAD4=2-DE4126F171ACB5D089ACFA06509D88809E69D64D56E3B4A0198D594D93FEBB66,NZ,iPad Air Cellular,iPad Air Cellular,122.57.178.143,Auckland,2020-05-28T18:00:07.362Z
NFAPPL-01-IPAD7=5-1D7FD2E25DC8D08A8581A7A410AEB866A9B27842F2FB756F918B160C8B102B0D,NZ,Apple iPad 6th Gen 9.7 (Wi-Fi) iPad,Apple iPad 6th Gen 9.7 (Wi-Fi) iPad,122.57.178.143,Auckland,2020-05-28T06:55:35.290Z
NFAPPL-01-IPAD7=5-1D7FD2E25DC8D08A8581A7A410AEB866A9B27842F2FB756F918B160C8B102B0D,NZ,Apple iPad 6th Gen 9.7 (Wi-Fi) iPad,Apple iPad 6th Gen 9.7 (Wi-Fi) iPad,122.56.171.67,Wellington,2020-05-28T04:48:29.157Z
NFAPPL-01-IPAD7=5-1D7FD2E25DC8D08A8581A7A410AEB866A9B27842F2FB756F918B160C8B102B0D,NZ,Apple iPad 6th Gen 9.7 (Wi-Fi) iPad,Apple iPad 6th Gen 9.7 (Wi-Fi) iPad,122.57.178.143,Auckland,2020-05-26T05:13:08.236Z
NFANDROID2-PRV-HIMEDIADISHSV10-HIMEDSV10-10094-EFF3AEBDC7A55C4B6C673B77E255D7E241EC48FD787B43F3F3FB25F6041754DE,NZ,HiSilicon HiMediaDishSV10 Set Top Box,HiSilicon HiMediaDishSV10 Set Top Box,122.57.178.143,Auckland,2020-05-23T02:58:43.077Z
NFAPPL-01-IPAD4=2-DE4126F171ACB5D089ACFA06509D88809E69D64D56E3B4A0198D594D93FEBB66,NZ,iPad Air Cellular,iPad Air Cellular,122.57.178.143,Auckland,2020-05-21T19:41:00.319Z
NFAPPL-01-IPAD7=5-1D7FD2E25DC8D08A8581A7A410AEB866A9B27842F2FB756F918B160C8B102B0D,NZ,Apple iPad 6th Gen 9.7 (Wi-Fi) iPad,Apple iPad 6th Gen 9.7 (Wi-Fi) iPad,122.57.178.143,Auckland,2020-05-20T06:28:06.750Z
NFAPPL-01-IPAD7=5-1D7FD2E25DC8D08A8581A7A410AEB866A9B27842F2FB756F918B160C8B102B0D,NZ,Apple iPad 6th Gen 9.7 (Wi-Fi) iPad,Apple iPad 6th Gen 9.7 (Wi-Fi) iPad,122.57.178.143,Auckland,2020-05-20T05:08:59.457Z
NFAPPL-01-IPAD7=5-1D7FD2E25DC8D08A8581A7A410AEB866A9B27842F2FB756F918B160C8B102B0D,NZ,Apple iPad 6th Gen 9.7 (Wi-Fi) iPad,Apple iPad 6th Gen 9.7 (Wi-Fi) iPad,122.56.171.67,Wellington,2020-05-20T04:38:29.300Z
NFAPPL-01-IPAD7=5-1D7FD2E25DC8D08A8581A7A410AEB866A9B27842F2FB756F918B160C8B102B0D,NZ,Apple iPad 6th Gen 9.7 (Wi-Fi) iPad,Apple iPad 6th Gen 9.7 (Wi-Fi) iPad,125.236.139.181,Auckland,2020-05-19T05:21:51.953Z
NFANDROID2-PRV-HIMEDIADISHSV10-HIMEDSV10-10094-EFF3AEBDC7A55C4B6C673B77E255D7E241EC48FD787B43F3F3FB25F6041754DE,NZ,HiSilicon HiMediaDishSV10 Set Top Box,HiSilicon HiMediaDishSV10 Set Top Box,125.236.139.181,Auckland,2020-05-18T05:11:39.311Z
NFAPPL-01-IPAD4=2-DE4126F171ACB5D089ACFA06509D88809E69D64D56E3B4A0198D594D93FEBB66,NZ,iPad Air Cellular,iPad Air Cellular,125.236.139.181,Auckland,2020-05-07T22:59:29.483Z
NFAPPL-01-IPAD4=2-DE4126F171ACB5D089ACFA06509D88809E69D64D56E3B4A0198D594D93FEBB66,US,iPad Air Cellular,iPad Air Cellular,185.51.229.179,Unknown,2020-04-29T08:32:39.815Z
NFAPPL-01-IPAD4=2-DE4126F171ACB5D089ACFA06509D88809E69D64D56E3B4A0198D594D93FEBB66,NZ,iPad Air Cellular,iPad Air Cellular,125.236.139.181,Auckland,2020-04-24T02:37:26.490Z
NFAPPL-01-IPAD7=5-1D7FD2E25DC8D08A8581A7A410AEB866A9B27842F2FB756F918B160C8B102B0D,NZ,Apple iPad 6th Gen 9.7 (Wi-Fi) iPad,Apple iPad 6th Gen 9.7 (Wi-Fi) iPad,125.236.139.181,Auckland,2020-03-29T02:13:10.378Z
NFANDROID2-PRV-HIMEDIADISHSV10-HIMEDSV10-10094-EFF3AEBDC7A55C4B6C673B77E255D7E241EC48FD787B43F3F3FB25F6041754DE,NZ,HiSilicon HiMediaDishSV10 Set Top Box,HiSilicon HiMediaDishSV10 Set Top Box,125.236.139.181,Auckland,2020-03-28T22:59:58.842Z
NFANDROID2-PRV-HIMEDIADISHSV10-HIMEDSV10-10094-EFF3AEBDC7A55C4B6C673B77E255D7E241EC48FD787B43F3F3FB25F6041754DE,NZ,HiSilicon HiMediaDishSV10 Set Top Box,HiSilicon HiMediaDishSV10 Set Top Box,222.152.190.3,Auckland,2020-03-28T05:12:42.058Z
NFAPPL-01-IPAD7=5-1D7FD2E25DC8D08A8581A7A410AEB866A9B27842F2FB756F918B160C8B102B0D,NZ,Apple iPad 6th Gen 9.7 (Wi-Fi) iPad,Apple iPad 6th Gen 9.7 (Wi-Fi) iPad,222.152.190.3,Auckland,2020-03-27T20:07:58.119Z
NFAPPL-01-IPAD7=5-1D7FD2E25DC8D08A8581A7A410AEB866A9B27842F2FB756F918B160C8B102B0D,NZ,Apple iPad 6th Gen 9.7 (Wi-Fi) iPad,Apple iPad 6th Gen 9.7 (Wi-Fi) iPad,222.152.190.3,Auckland,2020-03-25T06:03:09.468Z
NFANDROID2-PRV-HIMEDIADISHSV10-HIMEDSV10-10094-EFF3AEBDC7A55C4B6C673B77E255D7E241EC48FD787B43F3F3FB25F6041754DE,NZ,HiSilicon HiMediaDishSV10 Set Top Box,HiSilicon HiMediaDishSV10 Set Top Box,222.152.190.3,Auckland,2020-03-23T04:09:02.019Z
NFANDROID2-PRV-HIMEDIADISHSV10-HIMEDSV10-10094-EFF3AEBDC7A55C4B6C673B77E255D7E241EC48FD787B43F3F3FB25F6041754DE,NZ,HiSilicon HiMediaDishSV10 Set Top Box,HiSilicon HiMediaDishSV10 Set Top Box,222.152.189.197,Auckland,2020-03-22T07:36:56.500Z
NFAPPL-01-IPAD7=5-1D7FD2E25DC8D08A8581A7A410AEB866A9B27842F2FB756F918B160C8B102B0D,NZ,Apple iPad 6th Gen 9.7 (Wi-Fi) iPad,Apple iPad 6th Gen 9.7 (Wi-Fi) iPad,222.152.189.197,Auckland,2020-03-21T23:09:47.971Z
NFAPPL-01-IPAD4=2-DE4126F171ACB5D089ACFA06509D88809E69D64D56E3B4A0198D594D93FEBB66,NZ,iPad Air Cellular,iPad Air Cellular,222.152.189.197,Auckland,2020-03-20T03:35:16.513Z
NFAPPL-01-IPAD7=5-1D7FD2E25DC8D08A8581A7A410AEB866A9B27842F2FB756F918B160C8B102B0D,NZ,Apple iPad 6th Gen 9.7 (Wi-Fi) iPad,Apple iPad 6th Gen 9.7 (Wi-Fi) iPad,222.152.189.197,Auckland,2020-03-19T05:45:06.339Z
NFAPPL-01-IPAD7=5-1D7FD2E25DC8D08A8581A7A410AEB866A9B27842F2FB756F918B160C8B102B0D,NZ,Apple iPad 6th Gen 9.7 (Wi-Fi) iPad,Apple iPad 6th Gen 9.7 (Wi-Fi) iPad,122.56.171.67,Wellington,2020-03-19T02:58:59.998Z
NFAPPL-01-IPAD4=2-DE4126F171ACB5D089ACFA06509D88809E69D64D56E3B4A0198D594D93FEBB66,NZ,iPad Air Cellular,iPad Air Cellular,222.152.189.197,Auckland,2020-03-18T03:42:24.952Z
NFANDROID2-PRV-HIMEDIADISHSV10-HIMEDSV10-10094-EFF3AEBDC7A55C4B6C673B77E255D7E241EC48FD787B43F3F3FB25F6041754DE,NZ,HiSilicon HiMediaDishSV10 Set Top Box,HiSilicon HiMediaDishSV10 Set Top Box,222.152.189.197,Auckland,2020-03-17T05:02:02.780Z
NFAPPL-01-IPAD7=5-1D7FD2E25DC8D08A8581A7A410AEB866A9B27842F2FB756F918B160C8B102B0D,NZ,Apple iPad 6th Gen 9.7 (Wi-Fi) iPad,Apple iPad 6th Gen 9.7 (Wi-Fi) iPad,222.152.189.197,Auckland,2020-03-17T04:37:38.300Z
NFAPPL-01-IPAD7=5-1D7FD2E25DC8D08A8581A7A410AEB866A9B27842F2FB756F918B160C8B102B0D,NZ,Apple iPad 6th Gen 9.7 (Wi-Fi) iPad,Apple iPad 6th Gen 9.7 (Wi-Fi) iPad,222.152.189.197,Auckland,2020-03-16T04:15:59.118Z
NFAPPL-01-IPAD7=5-1D7FD2E25DC8D08A8581A7A410AEB866A9B27842F2FB756F918B160C8B102B0D,NZ,Apple iPad 6th Gen 9.7 (Wi-Fi) iPad,Apple iPad 6th Gen 9.7 (Wi-Fi) iPad,122.62.136.33,Auckland,2020-03-15T06:17:59.089Z
NFANDROID2-PRV-HIMEDIADISHSV10-HIMEDSV10-10094-EFF3AEBDC7A55C4B6C673B77E255D7E241EC48FD787B43F3F3FB25F6041754DE,NZ,HiSilicon HiMediaDishSV10 Set Top Box,HiSilicon HiMediaDishSV10 Set Top Box,122.62.136.33,Auckland,2020-03-15T05:37:47.222Z
NFAPPL-01-IPAD7=5-1D7FD2E25DC8D08A8581A7A410AEB866A9B27842F2FB756F918B160C8B102B0D,NZ,Apple iPad 6th Gen 9.7 (Wi-Fi) iPad,Apple iPad 6th Gen 9.7 (Wi-Fi) iPad,122.62.136.33,Auckland,2020-03-13T04:42:08.801Z
NFAPPL-01-IPAD4=2-DE4126F171ACB5D089ACFA06509D88809E69D64D56E3B4A0198D594D93FEBB66,NZ,iPad Air Cellular,iPad Air Cellular,122.62.136.33,Auckland,2020-03-13T03:59:40.746Z
NFAPPL-01-IPAD7=5-1D7FD2E25DC8D08A8581A7A410AEB866A9B27842F2FB756F918B160C8B102B0D,NZ,Apple iPad 6th Gen 9.7 (Wi-Fi) iPad,Apple iPad 6th Gen 9.7 (Wi-Fi) iPad,122.56.171.67,Wellington,2020-03-12T02:59:44.921Z
NFAPPL-01-IPAD7=5-1D7FD2E25DC8D08A8581A7A410AEB866A9B27842F2FB756F918B160C8B102B0D,NZ,Apple iPad 6th Gen 9.7 (Wi-Fi) iPad,Apple iPad 6th Gen 9.7 (Wi-Fi) iPad,122.62.136.33,Auckland,2020-03-11T06:53:57.484Z
NFAPPL-01-IPAD7=5-1D7FD2E25DC8D08A8581A7A410AEB866A9B27842F2FB756F918B160C8B102B0D,NZ,Apple iPad 6th Gen 9.7 (Wi-Fi) iPad,Apple iPad 6th Gen 9.7 (Wi-Fi) iPad,122.62.136.33,Auckland,2020-03-06T04:33:45.343Z
NFAPPL-01-IPAD7=5-1D7FD2E25DC8D08A8581A7A410AEB866A9B27842F2FB756F918B160C8B102B0D,NZ,Apple iPad 6th Gen 9.7 (Wi-Fi) iPad,Apple iPad 6th Gen 9.7 (Wi-Fi) iPad,122.56.171.67,Wellington,2020-03-05T22:21:44.075Z
NFAPPL-01-IPAD7=5-1D7FD2E25DC8D08A8581A7A410AEB866A9B27842F2FB756F918B160C8B102B0D,NZ,Apple iPad 6th Gen 9.7 (Wi-Fi) iPad,Apple iPad 6th Gen 9.7 (Wi-Fi) iPad,122.62.136.33,Auckland,2020-03-05T06:05:58.530Z
NFAPPL-01-IPAD7=5-1D7FD2E25DC8D08A8581A7A410AEB866A9B27842F2FB756F918B160C8B102B0D,NZ,Apple iPad 6th Gen 9.7 (Wi-Fi) iPad,Apple iPad 6th Gen 9.7 (Wi-Fi) iPad,122.56.171.67,Wellington,2020-03-05T02:20:56.427Z
NFAPPL-01-IPAD7=5-1D7FD2E25DC8D08A8581A7A410AEB866A9B27842F2FB756F918B160C8B102B0D,NZ,Apple iPad 6th Gen 9.7 (Wi-Fi) iPad,Apple iPad 6th Gen 9.7 (Wi-Fi) iPad,122.62.136.33,Auckland,2020-03-04T07:39:55.821Z
NFAPPL-01-IPAD7=5-1D7FD2E25DC8D08A8581A7A410AEB866A9B27842F2FB756F918B160C8B102B0D,NZ,Apple iPad 6th Gen 9.7 (Wi-Fi) iPad,Apple iPad 6th Gen 9.7 (Wi-Fi) iPad,122.56.171.67,Wellington,2020-03-04T03:21:03.037Z
NFAPPL-01-IPAD7=5-1D7FD2E25DC8D08A8581A7A410AEB866A9B27842F2FB756F918B160C8B102B0D,NZ,Apple iPad 6th Gen 9.7 (Wi-Fi) iPad,Apple iPad 6th Gen 9.7 (Wi-Fi) iPad,122.62.136.33,Auckland,2020-03-03T04:45:13.457Z
NFANDROID2-PRV-HIMEDIADISHSV10-HIMEDSV10-10094-EFF3AEBDC7A55C4B6C673B77E255D7E241EC48FD787B43F3F3FB25F6041754DE,NZ,HiSilicon HiMediaDishSV10 Set Top Box,HiSilicon HiMediaDishSV10 Set Top Box,122.62.136.33,Auckland,2020-02-28T06:38:46.850Z
NFAPPL-01-IPAD4=2-DE4126F171ACB5D089ACFA06509D88809E69D64D56E3B4A0198D594D93FEBB66,NZ,iPad Air Cellular,iPad Air Cellular,122.62.136.33,Auckland,2020-02-28T06:31:57.369Z
NFAPPL-01-IPAD7=5-1D7FD2E25DC8D08A8581A7A410AEB866A9B27842F2FB756F918B160C8B102B0D,NZ,Apple iPad 6th Gen 9.7 (Wi-Fi) iPad,Apple iPad 6th Gen 9.7 (Wi-Fi) iPad,122.62.136.33,Auckland,2020-02-28T04:41:28.456Z
NFANDROID2-PRV-HIMEDIADISHSV10-HIMEDSV10-10094-EFF3AEBDC7A55C4B6C673B77E255D7E241EC48FD787B43F3F3FB25F6041754DE,NZ,HiSilicon HiMediaDishSV10 Set Top Box,HiSilicon HiMediaDishSV10 Set Top Box,222.152.175.87,Auckland,2020-02-25T06:22:52.250Z
NFAPPL-01-IPAD7=5-1D7FD2E25DC8D08A8581A7A410AEB866A9B27842F2FB756F918B160C8B102B0D,NZ,Apple iPad 6th Gen 9.7 (Wi-Fi) iPad,Apple iPad 6th Gen 9.7 (Wi-Fi) iPad,222.152.175.87,Auckland,2020-02-25T05:19:11.294Z
NFAPPL-01-IPAD4=2-DE4126F171ACB5D089ACFA06509D88809E69D64D56E3B4A0198D594D93FEBB66,NZ,iPad Air Cellular,iPad Air Cellular,222.152.175.87,Auckland,2020-02-14T03:23:03.582Z
NFAPPL-01-IPAD7=5-1D7FD2E25DC8D08A8581A7A410AEB866A9B27842F2FB756F918B160C8B102B0D,NZ,Apple iPad 6th Gen 9.7 (Wi-Fi) iPad,Apple iPad 6th Gen 9.7 (Wi-Fi) iPad,222.152.175.87,Auckland,2020-02-13T05:52:12.855Z
NFAPPL-01-IPAD7=5-1D7FD2E25DC8D08A8581A7A410AEB866A9B27842F2FB756F918B160C8B102B0D,NZ,Apple iPad 6th Gen 9.7 (Wi-Fi) iPad,Apple iPad 6th Gen 9.7 (Wi-Fi) iPad,122.56.171.67,Wellington,2020-02-13T03:15:53.696Z
NFAPPL-01-IPAD7=5-1D7FD2E25DC8D08A8581A7A410AEB866A9B27842F2FB756F918B160C8B102B0D,NZ,Apple iPad 6th Gen 9.7 (Wi-Fi) iPad,Apple iPad 6th Gen 9.7 (Wi-Fi) iPad,222.152.175.87,Auckland,2020-02-12T04:14:38.379Z
NFAPPL-01-IPAD7=5-1D7FD2E25DC8D08A8581A7A410AEB866A9B27842F2FB756F918B160C8B102B0D,NZ,Apple iPad 6th Gen 9.7 (Wi-Fi) iPad,Apple iPad 6th Gen 9.7 (Wi-Fi) iPad,222.152.175.87,Auckland,2020-01-29T20:00:10.252Z
NFAPPL-01-IPAD7=5-1D7FD2E25DC8D08A8581A7A410AEB866A9B27842F2FB756F918B160C8B102B0D,NZ,Apple iPad 6th Gen 9.7 (Wi-Fi) iPad,Apple iPad 6th Gen 9.7 (Wi-Fi) iPad,222.152.175.87,Auckland,2020-01-29T19:59:54.821Z
NFAPPL-01-IPAD7=5-1D7FD2E25DC8D08A8581A7A410AEB866A9B27842F2FB756F918B160C8B102B0D,NZ,Apple iPad 6th Gen 9.7 (Wi-Fi) iPad,Apple iPad 6th Gen 9.7 (Wi-Fi) iPad,222.154.248.188,Auckland,2020-01-29T19:56:42.702Z
NFAPPL-01-IPAD7=5-1D7FD2E25DC8D08A8581A7A410AEB866A9B27842F2FB756F918B160C8B102B0D,NZ,Apple iPad 6th Gen 9.7 (Wi-Fi) iPad,Apple iPad 6th Gen 9.7 (Wi-Fi) iPad,222.152.175.87,Auckland,2020-01-29T06:53:49.510Z
NFAPPL-01-IPAD4=2-DE4126F171ACB5D089ACFA06509D88809E69D64D56E3B4A0198D594D93FEBB66,NZ,iPad Air Cellular,iPad Air Cellular,222.152.175.87,Auckland,2020-01-23T01:30:29.421Z
NFAPPL-01-IPAD4=2-DE4126F171ACB5D089ACFA06509D88809E69D64D56E3B4A0198D594D93FEBB66,AU,iPad Air Cellular,iPad Air Cellular,146.185.236.38,New South Wales,2020-01-23T01:29:24.374Z
NFAPPL-01-IPAD4=2-DE4126F171ACB5D089ACFA06509D88809E69D64D56E3B4A0198D594D93FEBB66,AU,iPad Air Cellular,iPad Air Cellular,5.62.23.25,New South Wales,2020-01-23T01:29:20.159Z
NFAPPL-01-IPAD7=5-1D7FD2E25DC8D08A8581A7A410AEB866A9B27842F2FB756F918B160C8B102B0D,NZ,Apple iPad 6th Gen 9.7 (Wi-Fi) iPad,Apple iPad 6th Gen 9.7 (Wi-Fi) iPad,222.152.175.87,Auckland,2020-01-17T19:20:56.036Z
NFAPPL-01-IPAD7=5-1D7FD2E25DC8D08A8581A7A410AEB866A9B27842F2FB756F918B160C8B102B0D,US,Apple iPad 6th Gen 9.7 (Wi-Fi) iPad,Apple iPad 6th Gen 9.7 (Wi-Fi) iPad,2605:6000:89cf:3e00:213a:7a8d:e12f:f80c,Texas,2020-01-17T12:27:17.039Z
NFAPPL-01-IPAD7=5-1D7FD2E25DC8D08A8581A7A410AEB866A9B27842F2FB756F918B160C8B102B0D,US,Apple iPad 6th Gen 9.7 (Wi-Fi) iPad,Apple iPad 6th Gen 9.7 (Wi-Fi) iPad,2605:6000:89cf:3e00:213a:7a8d:e12f:f80c,Texas,2020-01-16T17:19:56.388Z
NFAPPL-01-IPAD7=5-1D7FD2E25DC8D08A8581A7A410AEB866A9B27842F2FB756F918B160C8B102B0D,US,Apple iPad 6th Gen 9.7 (Wi-Fi) iPad,Apple iPad 6th Gen 9.7 (Wi-Fi) iPad,2605:6000:89cf:3e00:ddc:d5ce:f119:ba2e,Texas,2020-01-15T21:48:32.229Z
NFAPPL-01-IPAD7=5-1D7FD2E25DC8D08A8581A7A410AEB866A9B27842F2FB756F918B160C8B102B0D,US,Apple iPad 6th Gen 9.7 (Wi-Fi) iPad,Apple iPad 6th Gen 9.7 (Wi-Fi) iPad,2605:6000:89cf:3e00:955d:7551:a287:6ce2,Texas,2020-01-15T14:40:47.239Z
NFAPPL-01-IPAD7=5-1D7FD2E25DC8D08A8581A7A410AEB866A9B27842F2FB756F918B160C8B102B0D,US,Apple iPad 6th Gen 9.7 (Wi-Fi) iPad,Apple iPad 6th Gen 9.7 (Wi-Fi) iPad,2605:6000:89cf:3e00:882e:70c7:e554:fb9b,Texas,2020-01-14T16:02:42.536Z
NFAPPL-01-IPAD7=5-1D7FD2E25DC8D08A8581A7A410AEB866A9B27842F2FB756F918B160C8B102B0D,US,Apple iPad 6th Gen 9.7 (Wi-Fi) iPad,Apple iPad 6th Gen 9.7 (Wi-Fi) iPad,2605:6000:89cf:3e00:2592:8f60:726e:babb,Texas,2020-01-13T15:48:50.955Z
NFAPPL-01-IPAD7=5-1D7FD2E25DC8D08A8581A7A410AEB866A9B27842F2FB756F918B160C8B102B0D,US,Apple iPad 6th Gen 9.7 (Wi-Fi) iPad,Apple iPad 6th Gen 9.7 (Wi-Fi) iPad,98.6.198.2,Texas,2020-01-12T03:02:53.044Z
NFAPPL-01-IPAD7=5-1D7FD2E25DC8D08A8581A7A410AEB866A9B27842F2FB756F918B160C8B102B0D,US,Apple iPad 6th Gen 9.7 (Wi-Fi) iPad,Apple iPad 6th Gen 9.7 (Wi-Fi) iPad,98.6.198.2,Texas,2020-01-10T20:31:02.993Z
NFAPPL-01-IPAD7=5-1D7FD2E25DC8D08A8581A7A410AEB866A9B27842F2FB756F918B160C8B102B0D,US,Apple iPad 6th Gen 9.7 (Wi-Fi) iPad,Apple iPad 6th Gen 9.7 (Wi-Fi) iPad,98.6.198.2,Texas,2020-01-10T16:13:20.595Z
NFAPPL-01-IPAD7=5-1D7FD2E25DC8D08A8581A7A410AEB866A9B27842F2FB756F918B160C8B102B0D,US,Apple iPad 6th Gen 9.7 (Wi-Fi) iPad,Apple iPad 6th Gen 9.7 (Wi-Fi) iPad,2605:6000:89cf:3e00:2528:cb0e:88ea:9d31,Texas,2020-01-10T12:52:26.273Z
NFAPPL-01-IPAD7=5-1D7FD2E25DC8D08A8581A7A410AEB866A9B27842F2FB756F918B160C8B102B0D,US,Apple iPad 6th Gen 9.7 (Wi-Fi) iPad,Apple iPad 6th Gen 9.7 (Wi-Fi) iPad,72.182.164.1,Texas,2020-01-10T12:19:48.874Z
NFAPPL-01-IPAD7=5-1D7FD2E25DC8D08A8581A7A410AEB866A9B27842F2FB756F918B160C8B102B0D,US,Apple iPad 6th Gen 9.7 (Wi-Fi) iPad,Apple iPad 6th Gen 9.7 (Wi-Fi) iPad,2605:6000:89cf:3e00:2528:cb0e:88ea:9d31,Texas,2020-01-10T05:16:42.446Z
NFAPPL-01-IPAD7=5-1D7FD2E25DC8D08A8581A7A410AEB866A9B27842F2FB756F918B160C8B102B0D,US,Apple iPad 6th Gen 9.7 (Wi-Fi) iPad,Apple iPad 6th Gen 9.7 (Wi-Fi) iPad,2605:6000:89cf:3e00:2528:cb0e:88ea:9d31,Texas,2020-01-09T16:01:53.922Z
NFAPPL-01-IPAD7=5-1D7FD2E25DC8D08A8581A7A410AEB866A9B27842F2FB756F918B160C8B102B0D,US,Apple iPad 6th Gen 9.7 (Wi-Fi) iPad,Apple iPad 6th Gen 9.7 (Wi-Fi) iPad,2605:6000:89cf:3e00:10c1:ca04:ab80:3371,Texas,2020-01-09T05:17:46.684Z
NFAPPL-01-IPAD7=5-1D7FD2E25DC8D08A8581A7A410AEB866A9B27842F2FB756F918B160C8B102B0D,US,Apple iPad 6th Gen 9.7 (Wi-Fi) iPad,Apple iPad 6th Gen 9.7 (Wi-Fi) iPad,2605:6000:89cf:3e00:10c1:ca04:ab80:3371,Texas,2020-01-06T04:42:09.080Z
NFAPPL-01-IPAD7=5-1D7FD2E25DC8D08A8581A7A410AEB866A9B27842F2FB756F918B160C8B102B0D,US,Apple iPad 6th Gen 9.7 (Wi-Fi) iPad,Apple iPad 6th Gen 9.7 (Wi-Fi) iPad,2605:6000:89cf:3e00:b9c9:dac1:de98:408e,Texas,2020-01-05T15:44:54.504Z
NFAPPL-01-IPAD7=5-1D7FD2E25DC8D08A8581A7A410AEB866A9B27842F2FB756F918B160C8B102B0D,US,Apple iPad 6th Gen 9.7 (Wi-Fi) iPad,Apple iPad 6th Gen 9.7 (Wi-Fi) iPad,2605:6000:89cf:3e00:b9c9:dac1:de98:408e,Texas,2020-01-05T08:10:17.232Z
NFAPPL-01-IPAD7=5-1D7FD2E25DC8D08A8581A7A410AEB866A9B27842F2FB756F918B160C8B102B0D,US,Apple iPad 6th Gen 9.7 (Wi-Fi) iPad,Apple iPad 6th Gen 9.7 (Wi-Fi) iPad,72.182.164.1,Texas,2020-01-05T08:01:53.701Z
NFAPPL-01-IPAD7=5-1D7FD2E25DC8D08A8581A7A410AEB866A9B27842F2FB756F918B160C8B102B0D,US,Apple iPad 6th Gen 9.7 (Wi-Fi) iPad,Apple iPad 6th Gen 9.7 (Wi-Fi) iPad,2605:6000:89cf:3e00:b9c9:dac1:de98:408e,Texas,2020-01-04T21:00:43.202Z
NFAPPL-01-IPAD7=5-1D7FD2E25DC8D08A8581A7A410AEB866A9B27842F2FB756F918B160C8B102B0D,US,Apple iPad 6th Gen 9.7 (Wi-Fi) iPad,Apple iPad 6th Gen 9.7 (Wi-Fi) iPad,72.182.164.1,Texas,2020-01-04T20:35:35.213Z
NFAPPL-01-IPAD7=5-1D7FD2E25DC8D08A8581A7A410AEB866A9B27842F2FB756F918B160C8B102B0D,US,Apple iPad 6th Gen 9.7 (Wi-Fi) iPad,Apple iPad 6th Gen 9.7 (Wi-Fi) iPad,2605:6000:89cf:3e00:b9c9:dac1:de98:408e,Texas,2020-01-04T14:49:54.247Z
NFAPPL-01-IPAD7=5-1D7FD2E25DC8D08A8581A7A410AEB866A9B27842F2FB756F918B160C8B102B0D,US,Apple iPad 6th Gen 9.7 (Wi-Fi) iPad,Apple iPad 6th Gen 9.7 (Wi-Fi) iPad,2605:6000:89cf:3e00:b9c9:dac1:de98:408e,Texas,2020-01-04T06:30:49.628Z
NFAPPL-01-IPAD7=5-1D7FD2E25DC8D08A8581A7A410AEB866A9B27842F2FB756F918B160C8B102B0D,US,Apple iPad 6th Gen 9.7 (Wi-Fi) iPad,Apple iPad 6th Gen 9.7 (Wi-Fi) iPad,72.182.164.1,Texas,2020-01-04T06:11:56.693Z
NFAPPL-01-IPAD7=5-1D7FD2E25DC8D08A8581A7A410AEB866A9B27842F2FB756F918B160C8B102B0D,US,Apple iPad 6th Gen 9.7 (Wi-Fi) iPad,Apple iPad 6th Gen 9.7 (Wi-Fi) iPad,2605:6000:89cf:3e00:b9c9:dac1:de98:408e,Texas,2020-01-03T22:50:13.391Z
NFAPPL-01-IPAD7=5-1D7FD2E25DC8D08A8581A7A410AEB866A9B27842F2FB756F918B160C8B102B0D,US,Apple iPad 6th Gen 9.7 (Wi-Fi) iPad,Apple iPad 6th Gen 9.7 (Wi-Fi) iPad,2605:6000:89cf:3e00:c043:fe7:e66a:9e27,Texas,2020-01-03T21:13:59.001Z
NFAPPL-01-IPAD7=5-1D7FD2E25DC8D08A8581A7A410AEB866A9B27842F2FB756F918B160C8B102B0D,US,Apple iPad 6th Gen 9.7 (Wi-Fi) iPad,Apple iPad 6th Gen 9.7 (Wi-Fi) iPad,2605:6000:89cf:3e00:c043:fe7:e66a:9e27,Texas,2020-01-03T04:15:58.933Z
NFAPPL-01-IPAD7=5-1D7FD2E25DC8D08A8581A7A410AEB866A9B27842F2FB756F918B160C8B102B0D,US,Apple iPad 6th Gen 9.7 (Wi-Fi) iPad,Apple iPad 6th Gen 9.7 (Wi-Fi) iPad,72.182.164.1,Texas,2020-01-03T04:06:21.273Z
NFAPPL-01-IPAD7=5-1D7FD2E25DC8D08A8581A7A410AEB866A9B27842F2FB756F918B160C8B102B0D,US,Apple iPad 6th Gen 9.7 (Wi-Fi) iPad,Apple iPad 6th Gen 9.7 (Wi-Fi) iPad,2605:6000:89cf:3e00:c043:fe7:e66a:9e27,Texas,2020-01-02T15:00:03.178Z
NFAPPL-01-IPAD7=5-1D7FD2E25DC8D08A8581A7A410AEB866A9B27842F2FB756F918B160C8B102B0D,US,Apple iPad 6th Gen 9.7 (Wi-Fi) iPad,Apple iPad 6th Gen 9.7 (Wi-Fi) iPad,2605:6000:89cf:3e00:c043:fe7:e66a:9e27,Texas,2019-12-30T03:59:55.534Z
NFAPPL-01-IPAD7=5-1D7FD2E25DC8D08A8581A7A410AEB866A9B27842F2FB756F918B160C8B102B0D,US,Apple iPad 6th Gen 9.7 (Wi-Fi) iPad,Apple iPad 6th Gen 9.7 (Wi-Fi) iPad,2605:6000:89cf:3e00:1847:a3dc:b455:cbe7,Texas,2019-12-30T01:53:29.198Z
NFAPPL-01-IPAD7=5-1D7FD2E25DC8D08A8581A7A410AEB866A9B27842F2FB756F918B160C8B102B0D,US,Apple iPad 6th Gen 9.7 (Wi-Fi) iPad,Apple iPad 6th Gen 9.7 (Wi-Fi) iPad,2605:6000:89cf:3e00:1847:a3dc:b455:cbe7,Texas,2019-12-27T02:11:49.487Z
NFAPPL-01-IPAD7=5-1D7FD2E25DC8D08A8581A7A410AEB866A9B27842F2FB756F918B160C8B102B0D,US,Apple iPad 6th Gen 9.7 (Wi-Fi) iPad,Apple iPad 6th Gen 9.7 (Wi-Fi) iPad,2605:6000:89cf:3e00:1847:a3dc:b455:cbe7,Texas,2019-12-27T02:11:00.486Z
NFAPPL-01-IPAD7=5-1D7FD2E25DC8D08A8581A7A410AEB866A9B27842F2FB756F918B160C8B102B0D,US,Apple iPad 6th Gen 9.7 (Wi-Fi) iPad,Apple iPad 6th Gen 9.7 (Wi-Fi) iPad,2605:6000:89cf:3e00:7582:1af0:2357:e9bb,Texas,2019-12-26T06:52:34.752Z
NFAPPL-01-IPAD7=5-1D7FD2E25DC8D08A8581A7A410AEB866A9B27842F2FB756F918B160C8B102B0D,US,Apple iPad 6th Gen 9.7 (Wi-Fi) iPad,Apple iPad 6th Gen 9.7 (Wi-Fi) iPad,72.182.164.1,Texas,2019-12-26T06:31:02.072Z
NFAPPL-01-IPAD7=5-1D7FD2E25DC8D08A8581A7A410AEB866A9B27842F2FB756F918B160C8B102B0D,US,Apple iPad 6th Gen 9.7 (Wi-Fi) iPad,Apple iPad 6th Gen 9.7 (Wi-Fi) iPad,2605:6000:89cf:3e00:21c4:5e37:e663:aede,Texas,2019-12-25T11:51:15.387Z
NFAPPL-01-IPAD7=5-1D7FD2E25DC8D08A8581A7A410AEB866A9B27842F2FB756F918B160C8B102B0D,US,Apple iPad 6th Gen 9.7 (Wi-Fi) iPad,Apple iPad 6th Gen 9.7 (Wi-Fi) iPad,72.182.164.1,Texas,2019-12-25T11:48:03.257Z
NFAPPL-01-IPAD7=5-1D7FD2E25DC8D08A8581A7A410AEB866A9B27842F2FB756F918B160C8B102B0D,US,Apple iPad 6th Gen 9.7 (Wi-Fi) iPad,Apple iPad 6th Gen 9.7 (Wi-Fi) iPad,2605:6000:89cf:3e00:21c4:5e37:e663:aede,Texas,2019-12-25T07:09:48.372Z
NFAPPL-01-IPAD7=5-1D7FD2E25DC8D08A8581A7A410AEB866A9B27842F2FB756F918B160C8B102B0D,US,Apple iPad 6th Gen 9.7 (Wi-Fi) iPad,Apple iPad 6th Gen 9.7 (Wi-Fi) iPad,2605:6000:89cf:3e00:21c4:5e37:e663:aede,Texas,2019-12-24T10:15:14.030Z
NFAPPL-01-IPAD7=5-1D7FD2E25DC8D08A8581A7A410AEB866A9B27842F2FB756F918B160C8B102B0D,US,Apple iPad 6th Gen 9.7 (Wi-Fi) iPad,Apple iPad 6th Gen 9.7 (Wi-Fi) iPad,2605:6000:89cf:3e00:740c:65b3:e71b:650d,Texas,2019-12-23T10:31:00.432Z
NFAPPL-01-IPAD7=5-1D7FD2E25DC8D08A8581A7A410AEB866A9B27842F2FB756F918B160C8B102B0D,US,Apple iPad 6th Gen 9.7 (Wi-Fi) iPad,Apple iPad 6th Gen 9.7 (Wi-Fi) iPad,72.182.164.1,Texas,2019-12-23T10:24:28.295Z
NFAPPL-01-IPAD7=5-1D7FD2E25DC8D08A8581A7A410AEB866A9B27842F2FB756F918B160C8B102B0D,US,Apple iPad 6th Gen 9.7 (Wi-Fi) iPad,Apple iPad 6th Gen 9.7 (Wi-Fi) iPad,72.182.164.1,Texas,2019-12-22T19:46:26.033Z
NFAPPL-01-IPAD7=5-1D7FD2E25DC8D08A8581A7A410AEB866A9B27842F2FB756F918B160C8B102B0D,US,Apple iPad 6th Gen 9.7 (Wi-Fi) iPad,Apple iPad 6th Gen 9.7 (Wi-Fi) iPad,216.9.110.15,California,2019-12-22T16:58:33.489Z
NFAPPL-01-IPAD7=5-1D7FD2E25DC8D08A8581A7A410AEB866A9B27842F2FB756F918B160C8B102B0D,US,Apple iPad 6th Gen 9.7 (Wi-Fi) iPad,Apple iPad 6th Gen 9.7 (Wi-Fi) iPad,216.9.110.9,California,2019-12-22T16:55:17.493Z
NFAPPL-01-IPAD7=5-1D7FD2E25DC8D08A8581A7A410AEB866A9B27842F2FB756F918B160C8B102B0D,NZ,Apple iPad 6th Gen 9.7 (Wi-Fi) iPad,Apple iPad 6th Gen 9.7 (Wi-Fi) iPad,222.152.175.87,Auckland,2019-12-21T04:55:24.954Z
NFCDCH-02-FZQGFH54CF5YWAMEJL28HHQ41XDR6H,NZ,Chrome PC (Cadmium),Chrome PC (Cadmium),122.56.171.67,Wellington,2019-12-19T20:21:05.399Z
NFAPPL-01-IPAD7=5-1D7FD2E25DC8D08A8581A7A410AEB866A9B27842F2FB756F918B160C8B102B0D,NZ,Apple iPad 6th Gen 9.7 (Wi-Fi) iPad,Apple iPad 6th Gen 9.7 (Wi-Fi) iPad,222.152.175.87,Auckland,2019-12-19T05:54:13.132Z
NFAPPL-01-IPAD7=5-1D7FD2E25DC8D08A8581A7A410AEB866A9B27842F2FB756F918B160C8B102B0D,NZ,Apple iPad 6th Gen 9.7 (Wi-Fi) iPad,Apple iPad 6th Gen 9.7 (Wi-Fi) iPad,122.56.171.67,Wellington,2019-12-19T02:41:37.999Z
NFAPPL-01-IPAD7=5-1D7FD2E25DC8D08A8581A7A410AEB866A9B27842F2FB756F918B160C8B102B0D,NZ,Apple iPad 6th Gen 9.7 (Wi-Fi) iPad,Apple iPad 6th Gen 9.7 (Wi-Fi) iPad,222.152.175.87,Auckland,2019-12-18T06:51:55.528Z
NFAPPL-01-IPAD7=5-1D7FD2E25DC8D08A8581A7A410AEB866A9B27842F2FB756F918B160C8B102B0D,NZ,Apple iPad 6th Gen 9.7 (Wi-Fi) iPad,Apple iPad 6th Gen 9.7 (Wi-Fi) iPad,222.152.175.87,Auckland,2019-12-12T06:34:41.295Z
NFAPPL-01-IPAD4=2-DE4126F171ACB5D089ACFA06509D88809E69D64D56E3B4A0198D594D93FEBB66,NZ,iPad Air Cellular,iPad Air Cellular,222.152.175.87,Auckland,2019-12-12T04:15:27.073Z
NFAPPL-01-IPAD7=5-1D7FD2E25DC8D08A8581A7A410AEB866A9B27842F2FB756F918B160C8B102B0D,NZ,Apple iPad 6th Gen 9.7 (Wi-Fi) iPad,Apple iPad 6th Gen 9.7 (Wi-Fi) iPad,122.56.171.67,Wellington,2019-12-11T18:11:45.114Z
NFAPPL-01-IPAD7=5-1D7FD2E25DC8D08A8581A7A410AEB866A9B27842F2FB756F918B160C8B102B0D,NZ,Apple iPad 6th Gen 9.7 (Wi-Fi) iPad,Apple iPad 6th Gen 9.7 (Wi-Fi) iPad,122.56.171.67,Wellington,2019-12-11T03:08:32.305Z
NFCDCH-01-FFLW2CT4M85Y4E0CF2551MTFJMMJ1C,NZ,Chrome OS (Cadmium),Chrome OS (Cadmium),222.152.175.87,Auckland,2019-12-08T04:53:25.226Z
NFCDCH-01-FFLW2CT4M85Y4E0CF2551MTFJMMJ1C,NL,Chrome OS (Cadmium),Chrome OS (Cadmium),195.181.172.140,North Holland,2019-12-08T04:45:52.780Z
NFCDCH-01-FFLW2CT4M85Y4E0CF2551MTFJMMJ1C,NL,Chrome OS (Cadmium),Chrome OS (Cadmium),195.181.172.187,North Holland,2019-12-08T04:43:21.947Z
NFCDCH-01-FFLW2CT4M85Y4E0CF2551MTFJMMJ1C,NZ,Chrome OS (Cadmium),Chrome OS (Cadmium),222.152.175.87,Auckland,2019-12-08T04:37:19.395Z
NFAPPL-01-IPAD7=5-1D7FD2E25DC8D08A8581A7A410AEB866A9B27842F2FB756F918B160C8B102B0D,NZ,Apple iPad 6th Gen 9.7 (Wi-Fi) iPad,Apple iPad 6th Gen 9.7 (Wi-Fi) iPad,222.152.175.87,Auckland,2019-12-08T00:04:58.393Z
NFANDROID2-PRV-HIMEDIADISHSV10-HIMEDSV10-10094-EFF3AEBDC7A55C4B6C673B77E255D7E241EC48FD787B43F3F3FB25F6041754DE,NZ,HiSilicon HiMediaDishSV10 Set Top Box,HiSilicon HiMediaDishSV10 Set Top Box,222.152.175.87,Auckland,2019-12-07T02:33:05.619Z
NFAPPL-01-IPAD7=5-1D7FD2E25DC8D08A8581A7A410AEB866A9B27842F2FB756F918B160C8B102B0D,NZ,Apple iPad 6th Gen 9.7 (Wi-Fi) iPad,Apple iPad 6th Gen 9.7 (Wi-Fi) iPad,222.152.175.87,Auckland,2019-12-06T08:38:54.953Z
NFAPPL-01-IPAD7=5-1D7FD2E25DC8D08A8581A7A410AEB866A9B27842F2FB756F918B160C8B102B0D,NZ,Apple iPad 6th Gen 9.7 (Wi-Fi) iPad,Apple iPad 6th Gen 9.7 (Wi-Fi) iPad,222.152.216.207,Auckland,2019-12-06T08:07:39.116Z
NFANDROID2-PRV-HIMEDIADISHSV10-HIMEDSV10-10094-EFF3AEBDC7A55C4B6C673B77E255D7E241EC48FD787B43F3F3FB25F6041754DE,NZ,HiSilicon HiMediaDishSV10 Set Top Box,HiSilicon HiMediaDishSV10 Set Top Box,222.152.216.207,Auckland,2019-12-06T04:29:48.850Z
NFAPPL-01-IPAD7=5-1D7FD2E25DC8D08A8581A7A410AEB866A9B27842F2FB756F918B160C8B102B0D,NZ,Apple iPad 6th Gen 9.7 (Wi-Fi) iPad,Apple iPad 6th Gen 9.7 (Wi-Fi) iPad,222.152.216.207,Auckland,2019-12-05T06:18:39.997Z
NFAPPL-01-IPAD4=2-DE4126F171ACB5D089ACFA06509D88809E69D64D56E3B4A0198D594D93FEBB66,NZ,iPad Air Cellular,iPad Air Cellular,222.152.216.207,Auckland,2019-12-05T03:52:38.469Z
NFAPPL-01-IPAD7=5-1D7FD2E25DC8D08A8581A7A410AEB866A9B27842F2FB756F918B160C8B102B0D,NZ,Apple iPad 6th Gen 9.7 (Wi-Fi) iPad,Apple iPad 6th Gen 9.7 (Wi-Fi) iPad,122.56.171.67,Wellington,2019-12-05T02:46:47.168Z
NFAPPL-01-IPAD7=5-1D7FD2E25DC8D08A8581A7A410AEB866A9B27842F2FB756F918B160C8B102B0D,NZ,Apple iPad 6th Gen 9.7 (Wi-Fi) iPad,Apple iPad 6th Gen 9.7 (Wi-Fi) iPad,122.56.171.67,Wellington,2019-12-04T02:25:45.359Z
NFAPPL-01-IPAD7=5-1D7FD2E25DC8D08A8581A7A410AEB866A9B27842F2FB756F918B160C8B102B0D,NZ,Apple iPad 6th Gen 9.7 (Wi-Fi) iPad,Apple iPad 6th Gen 9.7 (Wi-Fi) iPad,222.152.216.207,Auckland,2019-12-03T05:05:15.117Z
NFAPPL-01-IPAD7=5-1D7FD2E25DC8D08A8581A7A410AEB866A9B27842F2FB756F918B160C8B102B0D,NZ,Apple iPad 6th Gen 9.7 (Wi-Fi) iPad,Apple iPad 6th Gen 9.7 (Wi-Fi) iPad,222.152.216.207,Auckland,2019-11-15T21:58:48.883Z
NFCDCH-01-FFLW2CT4M85Y4E0CF2551MTFJMMJ1C,NZ,Chrome OS (Cadmium),Chrome OS (Cadmium),222.152.216.207,Auckland,2019-11-15T20:52:06.565Z
NFAPPL-01-IPAD7=5-1D7FD2E25DC8D08A8581A7A410AEB866A9B27842F2FB756F918B160C8B102B0D,NZ,Apple iPad 6th Gen 9.7 (Wi-Fi) iPad,Apple iPad 6th Gen 9.7 (Wi-Fi) iPad,122.56.171.67,Wellington,2019-11-13T03:27:59.980Z
NFAPPL-01-IPAD7=5-1D7FD2E25DC8D08A8581A7A410AEB866A9B27842F2FB756F918B160C8B102B0D,NZ,Apple iPad 6th Gen 9.7 (Wi-Fi) iPad,Apple iPad 6th Gen 9.7 (Wi-Fi) iPad,222.152.216.207,Auckland,2019-11-12T04:54:30.430Z
NFANDROID2-PRV-HIMEDIADISHSV10-HIMEDSV10-10094-EFF3AEBDC7A55C4B6C673B77E255D7E241EC48FD787B43F3F3FB25F6041754DE,NZ,HiSilicon HiMediaDishSV10 Set Top Box,HiSilicon HiMediaDishSV10 Set Top Box,222.152.216.207,Auckland,2019-11-10T05:19:25.971Z
NFAPPL-01-IPAD7=5-1D7FD2E25DC8D08A8581A7A410AEB866A9B27842F2FB756F918B160C8B102B0D,NZ,Apple iPad 6th Gen 9.7 (Wi-Fi) iPad,Apple iPad 6th Gen 9.7 (Wi-Fi) iPad,222.152.216.207,Auckland,2019-11-09T00:06:22.607Z
NFANDROID2-PRV-HIMEDIADISHSV10-HIMEDSV10-10094-EFF3AEBDC7A55C4B6C673B77E255D7E241EC48FD787B43F3F3FB25F6041754DE,NZ,HiSilicon HiMediaDishSV10 Set Top Box,HiSilicon HiMediaDishSV10 Set Top Box,122.58.18.65,Auckland,2019-11-07T04:36:36.378Z
NFAPPL-01-IPAD7=5-1D7FD2E25DC8D08A8581A7A410AEB866A9B27842F2FB756F918B160C8B102B0D,NZ,Apple iPad 6th Gen 9.7 (Wi-Fi) iPad,Apple iPad 6th Gen 9.7 (Wi-Fi) iPad,122.58.18.65,Auckland,2019-11-07T04:02:38.662Z
NFAPPL-01-IPAD7=5-1D7FD2E25DC8D08A8581A7A410AEB866A9B27842F2FB756F918B160C8B102B0D,NZ,Apple iPad 6th Gen 9.7 (Wi-Fi) iPad,Apple iPad 6th Gen 9.7 (Wi-Fi) iPad,122.56.171.67,Wellington,2019-11-06T03:31:54.365Z
NFAPPL-01-IPAD7=5-1D7FD2E25DC8D08A8581A7A410AEB866A9B27842F2FB756F918B160C8B102B0D,NZ,Apple iPad 6th Gen 9.7 (Wi-Fi) iPad,Apple iPad 6th Gen 9.7 (Wi-Fi) iPad,122.58.18.65,Auckland,2019-11-05T05:04:03.476Z
NFAPPL-01-IPAD4=2-DE4126F171ACB5D089ACFA06509D88809E69D64D56E3B4A0198D594D93FEBB66,NZ,iPad Air Cellular,iPad Air Cellular,122.58.18.65,Auckland,2019-11-04T06:18:00.590Z
NFAPPL-01-IPAD7=5-1D7FD2E25DC8D08A8581A7A410AEB866A9B27842F2FB756F918B160C8B102B0D,NZ,Apple iPad 6th Gen 9.7 (Wi-Fi) iPad,Apple iPad 6th Gen 9.7 (Wi-Fi) iPad,122.58.18.65,Auckland,2019-10-25T20:39:18.153Z
NFANDROID2-PRV-HIMEDIADISHSV10-HIMEDSV10-10094-EFF3AEBDC7A55C4B6C673B77E255D7E241EC48FD787B43F3F3FB25F6041754DE,NZ,HiSilicon HiMediaDishSV10 Set Top Box,HiSilicon HiMediaDishSV10 Set Top Box,122.58.18.65,Auckland,2019-10-23T07:01:45.455Z
NFANDROID2-PRV-HIMEDIADISHSV10-HIMEDSV10-10094-EFF3AEBDC7A55C4B6C673B77E255D7E241EC48FD787B43F3F3FB25F6041754DE,NZ,HiSilicon HiMediaDishSV10 Set Top Box,HiSilicon HiMediaDishSV10 Set Top Box,125.237.64.4,Auckland,2019-10-22T06:09:47.051Z
NFAPPL-01-IPAD7=5-1D7FD2E25DC8D08A8581A7A410AEB866A9B27842F2FB756F918B160C8B102B0D,NZ,Apple iPad 6th Gen 9.7 (Wi-Fi) iPad,Apple iPad 6th Gen 9.7 (Wi-Fi) iPad,125.237.64.4,Auckland,2019-10-22T04:51:44.731Z
NFAPPL-01-IPAD4=2-DE4126F171ACB5D089ACFA06509D88809E69D64D56E3B4A0198D594D93FEBB66,NZ,iPad Air Cellular,iPad Air Cellular,122.58.18.65,Auckland,2019-10-21T07:45:10.922Z
NFAPPL-01-IPAD4=2-DE4126F171ACB5D089ACFA06509D88809E69D64D56E3B4A0198D594D93FEBB66,NZ,iPad Air Cellular,iPad Air Cellular,125.237.64.4,Auckland,2019-10-21T06:45:29.162Z
NFAPPL-01-IPAD4=2-DE4126F171ACB5D089ACFA06509D88809E69D64D56E3B4A0198D594D93FEBB66,NZ,iPad Air Cellular,iPad Air Cellular,125.237.64.4,Auckland,2019-10-20T06:51:32.006Z
NFANDROID2-PRV-HIMEDIADISHSV10-HIMEDSV10-10094-EFF3AEBDC7A55C4B6C673B77E255D7E241EC48FD787B43F3F3FB25F6041754DE,NZ,HiSilicon HiMediaDishSV10 Set Top Box,HiSilicon HiMediaDishSV10 Set Top Box,125.237.64.4,Auckland,2019-10-19T02:05:02.894Z
NFAPPL-01-IPAD7=5-1D7FD2E25DC8D08A8581A7A410AEB866A9B27842F2FB756F918B160C8B102B0D,NZ,Apple iPad 6th Gen 9.7 (Wi-Fi) iPad,Apple iPad 6th Gen 9.7 (Wi-Fi) iPad,125.237.64.4,Auckland,2019-10-18T19:47:33.077Z
NFAPPL-01-IPAD7=5-1D7FD2E25DC8D08A8581A7A410AEB866A9B27842F2FB756F918B160C8B102B0D,NZ,Apple iPad 6th Gen 9.7 (Wi-Fi) iPad,Apple iPad 6th Gen 9.7 (Wi-Fi) iPad,125.237.68.41,Auckland,2019-10-18T04:16:22.399Z
NFAPPL-01-IPAD4=2-DE4126F171ACB5D089ACFA06509D88809E69D64D56E3B4A0198D594D93FEBB66,NZ,iPad Air Cellular,iPad Air Cellular,125.237.68.41,Auckland,2019-10-17T07:24:00.349Z
NFAPPL-01-IPAD7=5-1D7FD2E25DC8D08A8581A7A410AEB866A9B27842F2FB756F918B160C8B102B0D,NZ,Apple iPad 6th Gen 9.7 (Wi-Fi) iPad,Apple iPad 6th Gen 9.7 (Wi-Fi) iPad,125.237.68.41,Auckland,2019-10-17T06:09:56.740Z
NFANDROID2-PRV-HIMEDIADISHSV10-HIMEDSV10-10094-EFF3AEBDC7A55C4B6C673B77E255D7E241EC48FD787B43F3F3FB25F6041754DE,NZ,HiSilicon HiMediaDishSV10 Set Top Box,HiSilicon HiMediaDishSV10 Set Top Box,125.237.68.41,Auckland,2019-10-17T03:24:30.800Z
NFAPPL-01-IPAD7=5-1D7FD2E25DC8D08A8581A7A410AEB866A9B27842F2FB756F918B160C8B102B0D,NZ,Apple iPad 6th Gen 9.7 (Wi-Fi) iPad,Apple iPad 6th Gen 9.7 (Wi-Fi) iPad,122.56.171.67,Wellington,2019-10-17T02:23:54.301Z
NFANDROID2-PRV-HIMEDIADISHSV10-HIMEDSV10-10094-EFF3AEBDC7A55C4B6C673B77E255D7E241EC48FD787B43F3F3FB25F6041754DE,NZ,HiSilicon HiMediaDishSV10 Set Top Box,HiSilicon HiMediaDishSV10 Set Top Box,125.237.68.41,Auckland,2019-10-10T07:50:45.063Z
NFAPPL-01-IPAD4=2-DE4126F171ACB5D089ACFA06509D88809E69D64D56E3B4A0198D594D93FEBB66,NZ,iPad Air Cellular,iPad Air Cellular,125.237.68.41,Auckland,2019-10-02T07:57:16.078Z
NFAPPL-01-IPAD4=2-DE4126F171ACB5D089ACFA06509D88809E69D64D56E3B4A0198D594D93FEBB66,NZ,iPad Air Cellular,iPad Air Cellular,122.57.35.119,Auckland,2019-09-19T07:32:15.608Z
NFAPPL-01-IPAD4=2-DE4126F171ACB5D089ACFA06509D88809E69D64D56E3B4A0198D594D93FEBB66,NZ,iPad Air Cellular,iPad Air Cellular,122.57.35.119,Auckland,2019-08-27T05:21:32.843Z
NFAPPL-01-IPAD4=2-DE4126F171ACB5D089ACFA06509D88809E69D64D56E3B4A0198D594D93FEBB66,NZ,iPad Air Cellular,iPad Air Cellular,122.57.35.119,Auckland,2019-08-26T19:10:51.418Z
NFAPPL-01-IPAD4=2-DE4126F171ACB5D089ACFA06509D88809E69D64D56E3B4A0198D594D93FEBB66,NZ,iPad Air Cellular,iPad Air Cellular,118.92.249.64,Canterbury,2019-08-26T07:37:38.346Z
NFANDROID1-PRV-T-L3-ROCKCH96=MAX=-4445-0E43AF9CBA596398A9E1B8B83E6DFA3D275B26CD9D783DD860895B9193799B5D1,US,Android DefaultWidevineL3Tablet Android Tablet,Android DefaultWidevineL3Tablet Android Tablet,185.51.229.179,Unknown,2019-08-04T03:04:25.484Z
NFCDCH-01-FFLW2CT4M85Y4E0CF2551MTFJMMJ1C,NZ,Chrome OS (Cadmium),Chrome OS (Cadmium),122.57.36.142,Auckland,2019-05-26T01:48:30.407Z
NFANDROID1-PRV-T-L3-ROCKCH96=MAX=-4445-0E43AF9CBA596398A9E1B8B83E6DFA3D275B26CD9D783DD860895B9193799B5D1,NZ,Android DefaultWidevineL3Tablet Android Tablet,Android DefaultWidevineL3Tablet Android Tablet,122.57.36.142,Auckland,2019-04-21T04:56:10.954Z
SONY-CTV140000000000000007457208,NZ,Sony CE Sony CE 2014 Core DTV Smart TV,Sony CE Sony CE 2014 Core DTV Smart TV,125.237.66.96,Auckland,2019-03-23T23:04:41.164Z
SONY-CTV140000000000000007457208,NZ,Sony CE Sony CE 2014 Core DTV Smart TV,Sony CE Sony CE 2014 Core DTV Smart TV,122.57.37.227,Auckland,2019-03-10T04:43:23.215Z
SONY-CTV140000000000000007457208,NZ,Sony CE Sony CE 2014 Core DTV Smart TV,Sony CE Sony CE 2014 Core DTV Smart TV,122.57.37.227,Auckland,2019-02-26T06:05:47.432Z
NFANDROID1-PRV-T-L3-ROCKCH96=MAX=-4445-0E43AF9CBA596398A9E1B8B83E6DFA3D275B26CD9D783DD860895B9193799B5D1,NZ,Android DefaultWidevineL3Tablet Android Tablet,Android DefaultWidevineL3Tablet Android Tablet,122.57.37.227,Auckland,2019-02-23T04:09:14.157Z
SONY-CTV140000000000000007457208,NZ,Sony CE Sony CE 2014 Core DTV Smart TV,Sony CE Sony CE 2014 Core DTV Smart TV,125.237.65.218,Auckland,2019-02-17T01:27:00.931Z
SONY-CTV140000000000000007457208,NZ,Sony CE Sony CE 2014 Core DTV Smart TV,Sony CE Sony CE 2014 Core DTV Smart TV,125.237.71.225,Auckland,2019-02-16T22:07:21.382Z
SONY-CTV140000000000000007457208,NZ,Sony CE Sony CE 2014 Core DTV Smart TV,Sony CE Sony CE 2014 Core DTV Smart TV,125.237.64.83,Auckland,2019-02-04T03:10:41.935Z
NFANDROID1-PRV-T-L3-ROCKCH96=MAX=-4445-0E43AF9CBA596398A9E1B8B83E6DFA3D275B26CD9D783DD860895B9193799B5D1,NZ,Android DefaultWidevineL3Tablet Android Tablet,Android DefaultWidevineL3Tablet Android Tablet,125.237.64.83,Auckland,2019-01-21T06:29:23.621Z
NFANDROID1-PRV-T-L3-ROCKCH96=MAX=-4445-0E43AF9CBA596398A9E1B8B83E6DFA3D275B26CD9D783DD860895B9193799B5D1,NZ,Android DefaultWidevineL3Tablet Android Tablet,Android DefaultWidevineL3Tablet Android Tablet,125.237.64.83,Auckland,2018-12-29T00:29:08.182Z
NFANDROID1-PRV-T-L3-ROCKCH96=MAX=-4445-0E43AF9CBA596398A9E1B8B83E6DFA3D275B26CD9D783DD860895B9193799B5D1,NZ,Android DefaultWidevineL3Tablet Android Tablet,Android DefaultWidevineL3Tablet Android Tablet,125.237.69.25,Auckland,2018-12-28T22:33:23.735Z
NFANDROID1-PRV-T-L3-ROCKCH96=MAX=-4445-0E43AF9CBA596398A9E1B8B83E6DFA3D275B26CD9D783DD860895B9193799B5D1,NZ,Android DefaultWidevineL3Tablet Android Tablet,Android DefaultWidevineL3Tablet Android Tablet,125.237.69.25,Auckland,2018-12-25T07:59:40.031Z
SONY-CTV140000000000000007457208,NZ,Sony CE Sony CE 2014 Core DTV Smart TV,Sony CE Sony CE 2014 Core DTV Smart TV,125.237.69.25,Auckland,2018-12-24T08:27:49.459Z
SONY-CTV140000000000000007457208,NZ,Sony CE Sony CE 2014 Core DTV Smart TV,Sony CE Sony CE 2014 Core DTV Smart TV,125.237.69.25,Auckland,2018-12-15T03:15:33.232Z
SONY-CTV140000000000000007457208,NZ,Sony CE Sony CE 2014 Core DTV Smart TV,Sony CE Sony CE 2014 Core DTV Smart TV,122.57.36.127,Auckland,2018-11-17T00:49:31.022Z
